정류장번호,경도,위도,정류장명,행정동
15377,126.8384868,37.52984584,신월동기점,화곡1동
16001,126.8758814,37.5470975,염창역.서울도시가스,염창동
16003,126.8686519,37.5490054,등촌역.강서보건소,염창동
16005,126.8615537,37.5526278,등촌중학교 백석초등학교,등촌1동
16006,126.8605244,37.55286538,등촌중학교 백석초등학교,등촌2동
16007,126.8557819,37.55475649,강서구청사거리.서울디지털대학교,등촌1동
16008,126.8540843,37.55523558,강서구청사거리.서울디지털대학교,화곡6동
16009,126.8504631,37.55660072,KBS스포츠월드,등촌3동
16010,126.8492332,37.55691183,KBS스포츠월드,화곡6동
16011,126.8454938,37.55785315,한국가스기술공사,등촌3동
16012,126.843257,37.557872,한국가스기술공사,우장산동
16013,126.8391584,37.55849077,발산역,등촌3동
16014,126.8095961,37.56137084,송정역,공항동
16015,126.8110722,37.56134979,송정역,공항동
16016,126.8158008,37.56072469,공항중학교.공항초등학교,공항동
16017,126.8376109,37.55857335,발산역,우장산동
16018,126.827513,37.559695,마곡역,가양1동
16019,126.8260719,37.55978956,마곡역,가양1동
16020,126.817152,37.560738,공항초등학교.공항중학교,공항동
16021,126.8345854,37.55903464,마곡동로사거리,가양1동
16022,126.8318219,37.55920242,마곡동로사거리,가양1동
16100,126.8409158,37.53779409,화원중학교,화곡1동
16102,126.8349619,37.56838835,서울식물원.식물문화센터,가양1동
16103,126.8616543,37.55270361,백석초등학교.한국임업진흥원,등촌1동
16104,126.8601041,37.55295219,등촌중학교.한국임업진흥원,등촌2동
16105,126.8559084,37.55489541,KC대학교.화진코스메틱,등촌1동
16106,126.8558776,37.55444212,하이웨이주유소.KC대학교,화곡6동
16107,126.8340419,37.56632398,서울식물원.숲문화학교,가양1동
16108,126.833248,37.56178261,LG사이언스파크,가양1동
16109,126.8439052,37.55816464,등촌주공5단지아파트,등촌3동
16111,126.8392815,37.558627,발산역4번출구,등촌3동
16112,126.8394839,37.55821097,발산역5번출구,우장산동
16113,126.817211,37.56077644,공항초등학교,공항동
16115,126.814653,37.56112,공항중학교,공항동
16116,126.8103222,37.56118639,송정역,공항동
16117,126.8090169,37.56167898,송정역,공항동
16118,126.8089272,37.56225193,공항시장,공항동
16119,126.8090745,37.56261351,공항시장,공항동
16120,126.8109494,37.56382489,공항시장역3번출구,공항동
16121,126.811384,37.5647465,공항시장역.공항성산교회,방화2동
16122,126.812578,37.566218,방화주유소,방화1동
16123,126.811615,37.56697617,방화2동청성아파트앞,방화2동
16124,126.8128857,37.56992926,방신전통시장,방화1동
16125,126.8114749,37.57002343,방화2동우촌연립,방화2동
16126,126.8115903,37.57271878,국민은행방화동지점,방화1동
16127,126.8113414,37.57265711,국민은행방화동지점,방화1동
16128,126.811733,37.57483,한서고등학교.보람아파트,방화1동
16129,126.8114186,37.57481624,한서고등학교.보람아파트,방화1동
16130,126.812627,37.576742,방화역,방화3동
16131,126.8123587,37.57691187,방화역,방화3동
16132,126.813513,37.57913,방화3동주민센터.국립국어원,방화3동
16133,126.813233,37.57905966,방화도시7단지.국립국어원,방화3동
16134,126.8558158,37.56181749,가양3동도시개발8단지아파트.가양역,가양2동
16135,126.8542039,37.55892751,가양역.마포중고등학교,등촌1동
16136,126.8541936,37.55955916,가양역.마포중고등학교,등촌3동
16137,126.8534483,37.55752808,경복비즈니스고등학교,등촌1동
16138,126.853122,37.55766284,경복비즈니스고등학교,등촌3동
16139,126.8505842,37.55262795,강서구청.한국건강관리협회,화곡6동
16140,126.8501699,37.55266887,강서구청.한국건강관리협회,화곡6동
16141,126.8481814,37.55035323,우장초등학교,화곡6동
16142,126.8477783,37.54936691,우장초등학교,화곡6동
16143,126.8452748,37.54608728,한국폴리텍1.서울강서대학교,화곡본동
16144,126.8447321,37.54584327,한국폴리텍1.서울강서대학교,우장산동
16145,126.8426282,37.54317865,화곡본동시장,우장산동
16146,126.8432514,37.54334348,화곡본동시장,화곡본동
16147,126.8388542,37.54103075,화곡역,화곡1동
16148,126.8371073,37.54087787,화곡역,화곡3동
16149,126.8354477,37.54011144,화곡푸르지오,화곡1동
16150,126.834479,37.54015064,화곡푸르지오,화곡3동
16151,126.8215259,37.54606458,외발산신광명마을,발산1동
16152,126.821132,37.545958,외발산신광명마을,발산1동
16153,126.819496,37.5496839,강서면허시험장.메이필드호텔,발산1동
16154,126.8203783,37.54752982,강서면허시험장.메이필드호텔,발산1동
16155,126.81998,37.55187,강서농수산물도매시장,발산1동
16156,126.8179353,37.54533512,영인운수.차고지,발산1동
16157,126.8168623,37.54951082,대한항공.메이필드호텔,발산1동
16158,126.815117,37.552778,공항동송정중학교,공항동
16159,126.815368,37.55313,공항동송정중학교,공항동
16160,126.811917,37.555638,국립항공박물관.공항동천주교회,공항동
16161,126.811943,37.555152,국립항공박물관.공항동천주교회,공항동
16162,126.808185,37.559087,공항동지하도입구,공항동
16163,126.8182036,37.54532236,영인운수.차고지,발산1동
16164,126.8059168,37.5646214,방화중학교,방화2동
16165,126.8056215,37.56719893,방화2동주민센터,방화2동
16166,126.804202,37.570852,방화동도시개발11단지,방화2동
16167,126.8026,37.575195,개화2치안센터,방화2동
16168,126.802225,37.575128,개화2치안센터,방화2동
16169,126.800345,37.578455,개화역1번출구.개화검문소,방화2동
16170,126.7997884,37.57849426,개화역1번출구.개화검문소,방화2동
16171,126.7985641,37.58249255,상사마을,방화2동
16172,126.798335,37.58182,상사마을,방화2동
16173,126.8633554,37.54898858,영일고등학교.강서도서관,등촌2동
16174,126.8621413,37.5451449,아이파크아파트.백석중학교.실로암안과,등촌2동
16175,126.8629699,37.54194247,등촌2동주민센터.등촌동대림아파트,등촌2동
16176,126.8635679,37.53979135,대일고교.임광아파트.배광교회,등촌2동
16177,126.8633458,37.53709721,용문사.시립화곡청소년센터,등촌2동
16178,126.8635117,37.53276273,목동사거리,화곡4동
16179,126.8636088,37.53163377,목동사거리,화곡4동
16180,126.8588539,37.53183633,화곡동남부시장,화곡4동
16181,126.8575906,37.53151222,성석교회,화곡2동
16182,126.853087,37.53111563,서울신정초등학교,화곡2동
16183,126.8524357,37.5308544,서울신정초등학교,화곡2동
16184,126.8498334,37.53080517,화곡8동주민센터,화곡8동
16185,126.8488201,37.53058851,화곡8동주민센터.까치산시장,화곡8동
16186,126.8475167,37.52997229,KT강서지사,화곡1동
16187,126.8478811,37.52995383,KT강서지사,화곡8동
16188,126.844302,37.530479,화곡동유림아파트,화곡1동
16189,126.8442552,37.53030144,화곡동유림아파트,화곡1동
16190,126.8378394,37.53096322,황외과앞,화곡1동
16191,126.8468456,37.53177067,까치산역2번출구,화곡8동
16192,126.8461928,37.53223863,까치산역4번출구,화곡1동
16193,126.8427421,37.53258371,화곡동백구사,화곡1동
16194,126.8407082,37.53233409,화곡동백구사,화곡1동
16195,126.838757,37.53309827,화곡대림아파트,화곡1동
16196,126.8383895,37.53404392,화곡동대림아파트.화곡중앙시장,화곡1동
16197,126.837192,37.5367735,가로공원.나누리병원,화곡1동
16198,126.8368737,37.53743987,가로공원.나누리병원,화곡1동
16199,126.8364507,37.53682654,가로공원.나누리병원,화곡1동
16200,126.8362927,37.53717865,가로공원.나누리병원,화곡1동
16202,126.840433,37.537977,화원중학교,화곡1동
16203,126.8389691,37.5386349,신월초등학교,화곡1동
16204,126.8394912,37.53896541,신월초등학교,화곡1동
16205,126.8409451,37.54064792,화곡역.현대주유소,화곡1동
16206,126.8411221,37.54095273,화곡역,화곡본동
16207,126.8396792,37.54259798,화곡역1번출구,우장산동
16208,126.8388886,37.54292941,화곡역,화곡3동
16209,126.8382264,37.54406298,대원시장,우장산동
16210,126.8373132,37.54452489,대원시장,화곡3동
16211,126.8361316,37.54717968,화곡중고등학교,화곡3동
16212,126.8364541,37.54719004,화곡중고등학교,우장산동
16213,126.8365028,37.549241,우장산역,우장산동
16214,126.8361293,37.54980277,우장산역,발산1동
16215,126.8367015,37.55312049,명덕고등학교.웰튼병원,우장산동
16216,126.8363717,37.55329124,명덕고등학교.웰튼병원,발산1동
16217,126.8376255,37.5560386,발산역.우장산힐스테이트,우장산동
16218,126.8374836,37.55676559,발산역.우장산힐스테이트,발산1동
16219,126.838558,37.56009,발산역2번출구,가양1동
16220,126.8389703,37.56017015,발산역3번출구,등촌3동
16221,126.839465,37.562868,서울호서전문학교.등촌주공3단지아파트,등촌3동
16222,126.839755,37.562662,서울호서전문학교.등촌주공3단지아파트,등촌3동
16223,126.8404735,37.56489336,서울강서우체국,등촌3동
16224,126.8400989,37.5648862,서울강서우체국,가양1동
16225,126.8415698,37.56897914,양천향교역.휴먼빌아파트,가양1동
16226,126.8414495,37.57020806,양천향교입구,가양1동
16227,126.8432785,37.57039253,가양한강타운아파트,가양1동
16228,126.8438103,37.57050587,가양한강타운아파트,가양1동
16229,126.8464071,37.56952799,가양2단지성지아파트.동양고등학교,가양1동
16230,126.8476423,37.56948093,가양2단지성지아파트.동양고등학교,가양1동
16231,126.8487305,37.56877857,한보구암마을아파트,가양1동
16232,126.8496503,37.56848329,가양동천주교영등포공업고등학교,가양2동
16233,126.8511694,37.56681099,서울서진학교.우체국앞.허준박물관,가양2동
16234,126.8517606,37.56669819,탑산초등학교 허준박물관,가양2동
16235,126.8531103,37.56533563,가양도시개발4단지아파트,가양2동
16236,126.8532162,37.56558806,대림경동아파트,가양2동
16237,126.85513,37.564242,가양도시개발5단지아파트,가양2동
16238,126.8556381,37.56417994,가양2동강변아파트,가양2동
16239,126.8579044,37.56294639,가양3동도시개발6단지아파트,가양3동
16240,126.85982,37.561717,가양초등학교,가양3동
16241,126.859407,37.56096582,강서구청별관,가양3동
16242,126.860753,37.56141252,가양3동주민센터,가양3동
16243,126.863307,37.559812,가양3동도시개발9단지아파트,가양3동
16244,126.8638406,37.55971846,가양도시개발9단지.세현고등학교,가양3동
16245,126.8776266,37.54912227,염창동아3차아파트.나이아가라호텔,염창동
16246,126.8776893,37.54881687,염창동리버파크호텔,염창동
16247,126.873324,37.55023509,염창동새마을금고,염창동
16248,126.8727945,37.55015703,염창동새마을금고,염창동
16249,126.8697189,37.55304709,염창동한마음.관음삼성아파트,염창동
16250,126.8693581,37.55292955,염창동관음삼성아파트,염창동
16251,126.8654574,37.55506527,태영.삼성한사랑아파트,등촌1동
16252,126.865485,37.55544736,금호.한솔아파트,염창동
16253,126.8637439,37.55624283,블루나인비지니스센터.이마트,등촌1동
16254,126.8639189,37.55650706,블루나인비지니스센터.이마트,염창동
16255,126.8617662,37.55766336,이마트.강서소방서,가양3동
16256,126.8617195,37.55723078,강서소방서.이마트.증미역,등촌1동
16257,126.8563498,37.56021961,가양역.현대프린스텔,등촌1동
16258,126.856602,37.560458,가양역.현대아파트,가양3동
16259,126.8539737,37.56145209,가양역.우성아파트,등촌3동
16260,126.8533962,37.56216594,가양역.우성아파트,가양2동
16261,126.8508002,37.5634891,SBS공개홀,가양2동
16262,126.849849,37.5636591,SBS공개홀,등촌3동
16263,126.8526273,37.56408453,가양4.5단지상가앞,가양2동
16264,126.8501204,37.56605635,서울서진학교,가양2동
16265,126.848394,37.56440514,등촌동대림아파트,등촌3동
16266,126.847871,37.56501451,강서한강자이아파트,가양1동
16267,126.8449188,37.56660831,가양동CJ주식회사,가양1동
16268,126.8437511,37.56690232,가양동CJ주식회사,가양1동
16269,126.8403425,37.56906849,양천초등학교.겸재정선미술관,가양1동
16270,126.840036,37.56889597,양천초등학교.겸재정선미술관,가양1동
16271,126.838163,37.56990948,겸재정선미술관,가양1동
16272,126.8375147,37.57058838,겸재정선미술관,가양1동
16273,126.8300505,37.57253904,마곡실내배드민턴장,가양1동
16274,126.8319559,37.57267477,마곡실내배드민턴장,가양1동
16275,126.8279105,37.57299173,서남물재생센터,가양1동
16276,126.8272996,37.57268694,서남물재생센터,가양1동
16277,126.82332,37.57326315,서남환경공원,가양1동
16278,126.822627,37.57308,서남환경공원,가양1동
16279,126.818567,37.573207,방화동도시개발2단지아파트,방화1동
16280,126.818945,37.57346468,방화동도시개발2단지아파트,방화3동
16281,126.8180793,37.57285781,공항버스종점입구,방화1동
16282,126.8530559,37.56191051,가양역10번출구,등촌3동
16283,126.8138644,37.57332251,방화동동부센트레빌아파트,방화1동
16284,126.814217,37.573528,방화동동부센트레빌아파트,방화1동
16285,126.8104924,37.57308557,방화사거리,방화2동
16286,126.809892,37.573287,방화사거리,방화1동
16287,126.8060834,37.57242872,개화산역,방화2동
16288,126.8052934,37.57277106,개화산역,방화1동
16291,126.8456832,37.55989166,등촌3동천주교회,등촌3동
16292,126.8460351,37.5599579,등촌3동천주교회,등촌3동
16293,126.84519,37.561745,등촌3동5단지아파트.등촌고등학교,등촌3동
16294,126.8455808,37.56177301,등촌3동5단지아파트.등촌고등학교,등촌3동
16295,126.8430372,37.56240403,등촌3동주공4단지아파트,등촌3동
16296,126.8431058,37.56260957,등촌동부영아파트,등촌3동
16297,126.8474153,37.56196643,등촌3동주공10단지아파트,등촌3동
16298,126.8472923,37.5623231,등촌3동대림아파트,등촌3동
16301,126.8178706,37.55674444,마곡13단지힐스테이트아파트,공항동
16302,126.8198769,37.55481797,다솔마을.강서농수산물도매시장,발산1동
16303,126.8165204,37.57561724,강서공업고등학교,방화3동
16304,126.8169914,37.57513138,방화동도시개발1.2단지아파트,방화3동
16305,126.8168323,37.56951691,서울항공비즈니스고등학교,방화1동
16306,126.8163793,37.56896517,서울항공비즈니스고등학교,방화1동
16307,126.816305,37.563222,공항중학교,공항동
16308,126.81676,37.562458,공항중학교,공항동
16309,126.8407117,37.56685861,양천향교역,가양1동
16310,126.8206583,37.57187326,방화2차우림아파트,방화1동
16313,126.8132957,37.57845783,방화3동주민센터,방화3동
16314,126.8132881,37.57696831,방화동삼익아파트,방화3동
16315,126.818273,37.552122,수협직판장,발산1동
16316,126.821887,37.554348,청과2시장,발산1동
16317,126.8165392,37.5550003,다솔마을,공항동
16319,126.8185004,37.55653699,반야정사입구,공항동
16321,126.8126738,37.56998479,방신전통시장,방화2동
16322,126.8125292,37.56669108,방화주유소,방화2동
16325,126.8399047,37.55939918,발산역원당사거리,등촌3동
16326,126.8098045,37.56043494,제과점앞,공항동
16327,126.811612,37.557387,공항동천주교회,공항동
16328,126.8390315,37.53012593,강서한방병원,화곡1동
16329,126.8393407,37.52999299,강서한방병원,화곡1동
16330,126.8500719,37.56636461,강서한강자이아파트,가양2동
16332,126.859807,37.561162,강서구청별관,가양3동
16333,126.8408631,37.56751121,양천향교역,가양1동
16334,126.8432439,37.56584647,등촌주공1.2단지,등촌3동
16335,126.8425802,37.56383165,등촌2단지부영아파트,등촌3동
16336,126.8417743,37.56167516,등촌3.4단지,등촌3동
16337,126.8391468,37.55967839,발산역3번출구,등촌3동
16339,126.8416542,37.5478333,우장산동주민센터,우장산동
16340,126.8443895,37.54678446,문성유치원,우장산동
16341,126.8459178,37.54712167,제일성심병원,화곡본동
16342,126.861713,37.560708,가양7단지상가,가양3동
16343,126.852638,37.56432942,가양4.5단지,가양2동
16344,126.850602,37.561643,등촌주공9단지,등촌3동
16345,126.850182,37.559912,강서구민올림픽체육센터,등촌3동
16346,126.848477,37.560553,등촌주공6단지,등촌3동
16347,126.846958,37.561208,등현초등학교,등촌3동
16348,126.8619155,37.56077051,가양7단지상가앞,가양3동
16350,126.8434782,37.54743835,우장산휴먼빌아파트,우장산동
16351,126.8415089,37.54802414,우장산동주민센터,우장산동
16352,126.8369118,37.54801338,양서1단지우장산아이파크이편한세상,우장산동
16354,126.8420053,37.561616,등촌주공3.4단지,등촌3동
16355,126.843218,37.5641614,부영주공1단지,등촌3동
16356,126.842626,37.5663016,등촌주공1.2단지,등촌3동
16357,126.857925,37.5627,가양6.8단지,가양3동
16361,126.8451717,37.54667195,제일성심병원,우장산동
16364,126.8369631,37.54785305,강서힐스테이트아파트,우장산동
16365,126.846805,37.561053,미주아파트등현초등학교,등촌3동
16366,126.848447,37.560355,등촌주공6단지앞,등촌3동
16367,126.850322,37.559795,강서구민올림픽체육센터,등촌3동
16368,126.850932,37.561875,등촌9단지SBS공개홀,등촌3동
16369,126.852823,37.563943,가양4.5단지상가앞,가양2동
16371,126.8225815,37.57148509,방화삼성아파트,가양1동
16372,126.8213183,37.57094163,마곡푸르지오아파트,방화1동
16373,126.8117012,37.57159607,삼정그린코아아파트,방화2동
16374,126.812847,37.567943,강서농협,방화1동
16375,126.812767,37.568388,강서농협,방화2동
16376,126.805304,37.568165,서울방화초등학교,방화2동
16378,126.810557,37.55883,공항동주민센터,공항동
16379,126.8123522,37.55602997,천주교성당,공항동
16380,126.8182166,37.55499658,다솔마을,공항동
16381,126.8152596,37.55482349,송정중후문,공항동
16385,126.8278115,37.56505228,마곡나루역4번출구,가양1동
16386,126.8274943,37.5650504,마곡나루역5번출구,방화1동
16387,126.8284359,37.55936753,마곡역교차로,가양1동
16388,126.8345592,37.55874457,이대서울병원,가양1동
16389,126.8041242,37.55883343,김포공항국내선,공항동
16390,126.8047524,37.55838032,김포공항국내선,공항동
16391,126.801112,37.56531,김포공항국제선,방화2동
16392,126.8010313,37.56499803,김포공항국제선,방화2동
16393,126.8378252,37.55788431,발산역7번출구,발산1동
16394,126.8175575,37.56739634,신방화역5번출구,방화1동
16395,126.8212536,37.56708556,마곡엠밸리6.7단지.마곡중학교,방화1동
16396,126.8259403,37.56678006,마곡나루역,방화1동
16397,126.8268823,37.561222,마곡역,가양1동
16398,126.827173,37.561329,마곡역,가양1동
16399,126.8265563,37.56695587,마곡나루역1번출구,가양1동
16400,126.8314961,37.55946749,마곡동로사거리,가양1동
16401,126.8214569,37.5601214,마곡엠밸리11.12단지,공항동
16402,126.8185665,37.55655486,마곡13단지힐스테이트후문,공항동
16403,126.8216429,37.55843228,공진초등학교,공항동
16406,126.8125404,37.56675147,방화주유소,방화2동
16407,126.8122235,37.56132008,송정역,공항동
16408,126.8213322,37.54520915,외발산동기점,발산1동
16409,126.8028776,37.55983877,김포공항국내선,공항동
16410,126.798872,37.562433,한국공항공사,공항동
16411,126.798863,37.56242,한국공항공사,공항동
16412,126.7984631,37.56254745,이마트(가상),공항동
16413,126.80181,37.588697,개화동상사마을종점,방화2동
16416,126.8232308,37.54921918,마곡수명산파크7단지,발산1동
16417,126.8254494,37.55147161,마곡수명산파크5단지6단지,발산1동
16418,126.8264227,37.55490711,마곡수명산파크2단지,발산1동
16419,126.826058,37.554787,마곡수명산파크2단지,발산1동
16420,126.8252226,37.55168483,마곡수명산파크3단지4단지,발산1동
16421,126.822762,37.549322,마곡수명산파크7단지,발산1동
16422,126.825491,37.559571,마곡역,발산1동
16423,126.8243288,37.56021843,마곡역,가양1동
16424,126.8552227,37.53137688,화곡2동주민센터,화곡2동
16425,126.8547626,37.53116636,화곡2동주민센터,화곡2동
16427,126.826412,37.557467,마곡엠밸리14단지아파트,발산1동
16428,126.8267496,37.55743876,마곡엠밸리15단지아파트,발산1동
16429,126.836689,37.55885232,발산역9번출구,가양1동
16430,126.810619,37.558964,공항동주민센터,공항동
16431,126.816922,37.572868,신방화사거리,방화1동
16432,126.816446,37.57286309,신방화사거리,방화1동
16433,126.8117127,37.5701349,방화2동우촌연립,방화2동
16434,126.797811,37.57845,개화역광역환승센터,방화2동
16435,126.797978,37.57822,개화역광역환승센터,방화2동
16436,126.8118934,37.56656391,방화2동청성아파트,방화2동
16450,126.8755585,37.54931475,강서연세병원,염창동
16451,126.802865,37.562422,롯데몰.김포공항,방화2동
16453,126.8162042,37.5545213,송정중학교후문,공항동
16462,126.871042,37.55378212,염창동주민센터,염창동
16463,126.8560563,37.53505528,대통마트,화곡4동
16464,126.856939,37.53559701,강원슈퍼,화곡4동
16465,126.8582738,37.53645556,방글방글슈퍼,화곡4동
16466,126.8591687,37.53713606,경북하이마트,화곡4동
16467,126.8584806,37.53779304,한광고,화곡4동
16468,126.8575412,37.53728369,신정여상,화곡4동
16469,126.8563782,37.53654698,명지해드는터아파트,화곡4동
16470,126.8558383,37.53644537,대성마트,화곡4동
16471,126.8549372,37.53741388,미주아파트,화곡4동
16472,126.8540903,37.53708664,방송인아파트,화곡4동
16473,126.858041,37.53151997,곰달래약국,화곡4동
16474,126.8581895,37.53076413,원비디오,화곡4동
16475,126.8565275,37.52951501,곰달래아파트,화곡2동
16476,126.8541282,37.52921921,삼성아파트,화곡2동
16477,126.8518828,37.52893527,은창아파트,화곡2동
16478,126.8478042,37.52939505,화곡전화국,화곡1동
16479,126.8459873,37.53257267,까치산역,화곡1동
16480,126.846278,37.53374267,까치시장,화곡8동
16481,126.8466849,37.53613111,까치약국,화곡8동
16482,126.8479875,37.53660497,개나리슈퍼,화곡8동
16483,126.8491907,37.53703273,빨래세탁소,화곡8동
16484,126.8545226,37.53647623,공작세탁소,화곡4동
16485,126.8551212,37.53590026,대성정육점,화곡4동
16486,126.8559979,37.53484255,대통마트,화곡2동
16487,126.857847,37.53175403,국민약국,화곡2동
16488,126.8549832,37.53582981,대성정육점,화곡2동
16489,126.8516393,37.53877765,약수터,화곡8동
16490,126.8240687,37.54710826,신광명마을,발산1동
16491,126.8240952,37.54930247,수명중고등학교,발산1동
16492,126.8244871,37.55061504,마곡.수명산파크4단지,발산1동
16493,126.8065584,37.56426742,방화중학교,방화2동
16494,126.8680232,37.55510781,한마음아파트,염창동
16495,126.8708997,37.55551558,우성아파트앞,염창동
16496,126.8709494,37.55556159,우성아파트,염창동
16497,126.8517273,37.53664757,봉제산정상,화곡8동
16498,126.8184522,37.58340384,생태공원,방화3동
16499,126.8400698,37.55942198,NC백화점앞,등촌3동
16500,126.8737556,37.54729799,염창역1번출구.강서평생학습관,염창동
16501,126.8563185,37.53669741,명지해드는터아파트,화곡4동
16502,126.8541662,37.55445714,하이웨이주유소,화곡6동
16503,126.8194426,37.57883323,서광아파트,방화3동
16504,126.8243936,37.5655291,마곡엠밸리7단지앞,방화1동
16505,126.8751414,37.54833031,대림아파트,염창동
16506,126.8531016,37.55249234,하나마트,화곡6동
16507,126.8186173,37.57600074,정곡초교,방화3동
16508,126.8429615,37.55909511,등명중학교,등촌3동
16509,126.8760291,37.54946212,동아3차아파트,염창동
16510,126.8551022,37.53750509,미주아파트,화곡4동
16511,126.8520878,37.55062851,백연공원,화곡6동
16512,126.8134051,37.57681441,방화4단지,방화3동
16513,126.8458654,37.55882591,등촌3동성당사거리,등촌3동
16514,126.8732765,37.55023775,새마을금고,염창동
16515,126.8540245,37.53715955,방송인아파트,화곡4동
16516,126.8512243,37.54947853,KC대학교,화곡6동
16517,126.8135875,37.57859255,방화3동주민센터,방화3동
16518,126.8476783,37.55956986,등촌6단지,등촌3동
16519,126.8703833,37.55242246,관음삼성.보람더하임아파트,염창동
16520,126.8544107,37.53642473,공작세탁소,화곡2동
16521,126.8502357,37.54861944,골목시장,화곡6동
16522,126.8123069,37.57680366,방화역,방화3동
16523,126.8487623,37.56140678,등촌9단지,등촌3동
16524,126.870934,37.55335209,염창중학교,염창동
16525,126.8558936,37.53496227,대통마트,화곡2동
16526,126.8492844,37.54780995,SK브로드밴드강서방송,화곡6동
16527,126.8192213,37.57575747,정곡초교,방화3동
16528,126.8205428,37.56226065,강서세무서.공항초교,공항동
16529,126.8576985,37.53251978,남부시장,화곡2동
16530,126.8474755,37.54577025,태원빌딩,화곡본동
16531,126.8203507,37.57411741,방화2단지,방화3동
16532,126.8166372,37.55443733,다솔마을,공항동
16533,126.8461489,37.54425919,국민은행,화곡본동
16534,126.8256188,37.55799191,마곡엠밸리14단지,발산1동
16535,126.8528365,37.56126595,등촌7단지아파트,등촌3동
16536,126.8698493,37.55617403,삼천리아파트,염창동
16537,126.8580424,37.53074774,원비디오,화곡2동
16538,126.84422,37.54283113,본동시장,화곡본동
16539,126.8248517,37.55835338,마곡엠밸리14단지,발산1동
16540,126.8114927,37.57486654,한서고등학교.보람아파트,방화1동
16541,126.8678151,37.5550445,한마음아파트,염창동
16542,126.8572149,37.52979428,곰달래아파트,화곡2동
16543,126.8479741,37.5426468,본동사무소,화곡본동
16544,126.8422124,37.54124705,볏골어린이공원,화곡본동
16545,126.8121203,37.57339972,방신시장.LG베스트샵,방화1동
16546,126.8211341,37.55874461,마곡엠밸리11.12단지상가,공항동
16547,126.8542115,37.52943377,삼성아파트,화곡2동
16548,126.8490739,37.54217874,거성빌라,화곡본동
16549,126.8199111,37.55795789,마곡13단지힐스테이트상가,공항동
16550,126.8376286,37.5717978,겸재정선미술관입구,가양1동
16551,126.8509972,37.55382512,한국건강관리협회,화곡6동
16552,126.8626081,37.55718046,이마트.증미역,가양3동
16553,126.8518067,37.5291208,은창아파트,화곡2동
16554,126.8502913,37.54177299,강서구립봉제산어르신복지센터,화곡본동
16555,126.8427421,37.54281926,화곡본동시장,화곡본동
16556,126.8371205,37.57433998,금호APT,가양1동
16557,126.8496142,37.55320432,강서구청입구,화곡6동
16558,126.8571485,37.55862474,등촌강변샤르망오피스텔,등촌1동
16559,126.8179906,37.55673739,마곡13단지힐스테이트후문,공항동
16560,126.8510552,37.5405746,대영마트,화곡본동
16561,126.8459194,37.54411202,우체국,화곡본동
16562,126.8367589,37.57556406,벽산아파트,가양1동
16563,126.8477997,37.5532921,우장산꿈에그린아파트,화곡6동
16564,126.8550856,37.55661729,등촌현대아파트,등촌1동
16565,126.8463346,37.53260556,까치산역,화곡8동
16566,126.8514174,37.54000556,본동슈퍼,화곡본동
16567,126.8465565,37.54358481,화곡초교,화곡본동
16568,126.8366174,37.57556026,벽산아파트,가양1동
16569,126.8465771,37.55287241,롯데3차APT,화곡6동
16570,126.8540033,37.55556979,하이웨이주유소,등촌1동
16571,126.8460804,37.53354057,까치시장,화곡8동
16572,126.8515081,37.53877208,약수터,화곡8동
16573,126.8369598,37.5742938,금호APT,가양1동
16574,126.8442712,37.55306583,강서구민회관,우장산동
16575,126.8534899,37.55765699,경복비즈니스고등학교,등촌1동
16576,126.8477613,37.53434202,제일은행,화곡8동
16577,126.8374305,37.57183087,겸재정선미술관입구,가양1동
16578,126.8416539,37.55436714,발산어린이집,우장산동
16579,126.8468187,37.53599341,까치약국,화곡8동
16580,126.850105,37.53754473,삼거리,화곡8동
16581,126.8405796,37.55447022,롯데1차,우장산동
16582,126.8564121,37.56019896,가양역.현대프린스텔,등촌1동
16583,126.8480296,37.53652032,개나리슈퍼,화곡8동
16584,126.851594,37.53654107,봉제산정상,화곡8동
16585,126.8403761,37.5687081,양천초등학교.겸재정선기념관,가양1동
16586,126.8399796,37.55453248,강서노인회관,우장산동
16587,126.8619221,37.55723102,이마트.증미역,등촌1동
16588,126.8492383,37.5369625,빨래터세탁소,화곡8동
16589,126.8512591,37.53593151,안골공원,화곡8동
16590,126.8406976,37.5667781,양천향교역,가양1동
16591,126.838137,37.55472754,우장산월드메르디앙아파트,우장산동
16592,126.8139764,37.57328917,방화동동부센트레빌아파트,방화1동
16593,126.8502334,37.53733682,삼거리,화곡8동
16594,126.8510241,37.53519411,강남슈퍼,화곡8동
16595,126.8179219,37.57283309,프라임마트,방화1동
16596,126.8653894,37.55514359,태영.삼성한사랑아파트,등촌1동
16597,126.8508561,37.53757663,태창아파트,화곡8동
16598,126.851208,37.53259739,신정초교,화곡8동
16599,126.8515067,37.5400282,본동슈퍼,화곡본동
16600,126.8394784,37.56288763,꽃단지,등촌3동
16601,126.8224833,37.57027051,마곡한솔솔파크,방화1동
16602,126.8556444,37.56091078,가양역,가양3동
16603,126.8224297,37.56873131,길훈아파트,방화1동
16604,126.8205791,37.56899813,마곡중학교,방화1동
16605,126.8033334,37.55954037,김포공항국내선,공항동
16606,126.8276309,37.56718292,마곡나루역,가양1동
16608,126.8278669,37.56991268,롯데R&D센터,가양1동
16609,126.8281468,37.56627584,마곡나루역,가양1동
16610,126.8186669,37.54712893,메이필드호텔,발산1동
16611,126.8145135,37.55078903,대한항공,발산1동
16612,126.8150621,37.54998341,대한항공,공항동
16613,126.8342136,37.56317737,LG사이언스파크,가양1동
16614,126.8037173,37.55948604,김포공항국내선,공항동
16615,126.819021,37.56793774,마곡엠밸리1단지,방화1동
16616,126.8256738,37.56675307,마곡나루역,방화1동
16617,126.8275087,37.56512945,마곡나루역5번출구,방화1동
16618,126.8164831,37.54988855,대한항공,발산1동
16619,126.8346856,37.56611988,서울식물원.숲문화학교,가양1동
16620,126.8091822,37.56167835,송정역(가상),공항동
16621,126.8262332,37.56001643,마곡역2번출구,가양1동
16622,126.8209337,37.56190171,강서세무서.공항초교,공항동
16623,126.8221935,37.56222345,강서세무서,가양1동
16624,126.8247449,37.56500821,마곡엠밸리7단지입구,방화1동
16625,126.8239339,37.56722564,마곡엠밸리7단지,가양1동
16626,126.8269279,37.56137721,마곡역,가양1동
16627,126.8193616,37.56796537,마곡엠밸리3단지입구,방화1동
16628,126.8208225,37.56863731,마곡중학교정문,방화1동
16629,126.8227,37.5688329,길훈아파트,방화1동
16630,126.8228502,37.57014249,마곡한솔솔파크,가양1동
16631,126.8183981,37.57297988,프라임마트,방화1동
16632,126.8137233,37.57359893,방화동동부센트레빌아파트,방화1동
16633,126.8120174,37.57363295,방신시장,방화1동
16634,126.8117384,37.57460232,한서고등학교.보람아파트,방화1동
16635,126.8278268,37.56238324,마곡역,가양1동
16636,126.8717736,37.55464157,동아1.2차아파트,염창동
16637,126.8514108,37.53816822,약수터,화곡8동
16638,126.8720632,37.55465858,동아1.2차아파트,염창동
16639,126.8387732,37.54132981,화곡역,화곡3동
16640,126.8206648,37.57201904,마곡우림필유아파트,방화1동
16641,126.8202678,37.5720488,마곡우림필유아파트,방화1동
16642,126.7986041,37.58020432,개화검문소,방화2동
16668,126.8526925,37.53089257,서울신정초등학교,화곡2동
16677,126.8511435,37.54059814,대영마트,화곡본동
16678,126.8384787,37.55982075,발산역,가양1동
16700,126.8288334,37.57006861,롯데R&D센터,가양1동
16701,126.8249099,37.56522401,마곡엠벨리7단지,방화1동
16702,126.8235422,37.56723824,마곡엠밸리7단지.712동,가양1동
16703,126.8200532,37.56750194,신방화역4번출구.마곡중학교,방화1동
16704,126.816377,37.56661,신방화역7번출구,방화1동
16705,126.8250401,37.56882103,마곡엠밸리4단지,가양1동
16706,126.816778,37.566192,마곡엠밸리5단지,방화1동
16707,126.8377759,37.53470178,화곡중앙골목시장,화곡1동
16718,126.8352516,37.54798224,송화시장,발산1동
16720,126.8114083,37.56141881,송정역,공항동
16721,126.8698053,37.55611181,삼천리아파트,염창동
16722,126.8562524,37.53135742,LG주유소,화곡2동
16725,126.7978638,37.53822117,오쇠동꽃단지,공항동
16726,126.7974938,37.53820882,오쇠동꽃단지,공항동
16727,126.850392,37.54177762,강서구립봉제산어르신복지센터,화곡본동
16728,126.8377691,37.55767158,발산역,발산1동
16729,126.8331217,37.54798195,화곡중.고등학교,발산1동
16730,126.8636221,37.55664278,증미역,염창동
16732,126.8501047,37.53717987,삼거리,화곡8동
16734,126.8578071,37.53253613,남부시장,화곡4동
16745,126.8093371,37.56131906,송정역,공항동
16778,126.8490228,37.54226788,거성빌라,화곡본동
16781,126.8030851,37.55970576,김포공항국내선,공항동
16800,126.8188279,37.55027309,강서면허시험장,발산1동
16812,126.8321738,37.54925115,덕원여자고등학교.덕원예술고등학교,발산1동
16813,126.8634709,37.55640021,증미역,등촌1동
16814,126.8517784,37.5365395,봉제산정상,화곡2동
16815,126.8394989,37.55858765,발산전철역,등촌3동
16816,126.810225,37.5615764,송정전철역,공항동
16817,126.803681,37.55950851,김포공항국내선,공항동
16818,126.8574555,37.53357287,대성학원,화곡2동
16819,126.8113061,37.56106271,송정전철역,공항동
16820,126.8314178,37.55078824,발산초등학교,발산1동
16829,126.8044803,37.5585727,김포공항국내선,공항동
16832,126.8224706,37.5714642,방화삼성아파트,방화1동
16836,126.8530366,37.53603466,로미오이발클럽,화곡2동
16838,126.8160003,37.58358116,방화대교남단(가상),방화3동
16839,126.8181908,37.55024778,강서면허시험장메이필트호텔,발산1동
16841,126.8621435,37.54518365,강서구의회,등촌2동
16843,126.8634754,37.53900909,대일고등학교,등촌2동
16844,126.8636807,37.53067508,목동사거리,화곡4동
16848,126.8021757,37.56587131,김포공항국제선,방화2동
16849,126.8184685,37.55009773,강서면허시험장.메이필드호텔,발산1동
16850,126.8193639,37.55329167,수협공판장,발산1동
16851,126.8760114,37.54718324,염창역2번출구,염창동
16855,126.8675138,37.55387545,태영송화아파트,염창동
16856,126.8021048,37.57510557,개화파출소,방화2동
16857,126.801935,37.56570601,김포공항국제선,방화2동
16858,126.8561245,37.53488686,대통마트,화곡4동
16859,126.8467696,37.54342829,화곡초교,화곡본동
16861,126.830814,37.55201286,현대슈퍼,발산1동
16862,126.8703511,37.55205208,관음삼성.보람더하임아파트,염창동
16863,126.8536876,37.53527043,태양마트,화곡2동
16864,126.8550235,37.53433945,훼미리마트,화곡2동
16867,126.829825,37.55341895,수명산파크1단지,발산1동
16868,126.8724183,37.55039001,새마을금고,염창동
16869,126.8539817,37.53357223,성심사,화곡2동
16870,126.8539521,37.53364879,성심사,화곡2동
16873,126.8278597,37.55361795,마곡.수명산파크2단지,발산1동
16874,126.8764692,37.54887507,동아3차아파트,염창동
16875,126.85507,37.53426471,훼미리마트,화곡2동
16876,126.8538522,37.53443442,현대빌라,화곡2동
16878,126.8386545,37.54127017,화곡역,화곡3동
16879,126.8258981,37.55318615,마곡.수명산파크3단지,발산1동
16881,126.8668036,37.56055986,가양대교남단(가상),가양3동
16882,126.8538032,37.53517055,태양마트,화곡2동
16883,126.8671119,37.56094137,가양대교남단(가상),염창동
16885,126.8252405,37.55174523,마곡수명산파크3단지.4단지,발산1동
16887,126.8583825,37.53639532,방글방글슈퍼,화곡4동
16888,126.8530998,37.53609871,로미오이발클럽,화곡2동
16890,126.8311221,37.54185797,푸르지오APT,화곡3동
16891,126.8710912,37.55143023,염동초교.염창보람더하임아파트,염창동
16892,126.8592863,37.53716954,경북하이마트,화곡4동
16893,126.8712221,37.55167007,염동초교.염창보람더하임아파트,염창동
16894,126.8462282,37.54418721,국민은행,화곡본동
16895,126.8782203,37.54870748,나이아가라.리버파크.골든서울호텔,염창동
16896,126.8585947,37.53785535,한광고,화곡4동
16897,126.8475402,37.54566491,태원빌딩,화곡본동
16898,126.8242285,37.54796995,수명산파크7단지정문,발산1동
16899,126.8575206,37.5373927,신정여상,화곡4동
16900,126.849183,37.54758725,SK브로드밴드강서방송,화곡본동
16901,126.8352735,37.54007155,훼미리마트,화곡1동
16902,126.8783455,37.54893379,나이아가라.리버파크.골든서울호텔,염창동
16903,126.8502247,37.54847525,골목시장,화곡6동
16904,126.8397223,37.54253406,참병원,우장산동
16905,126.8215964,37.54690451,서울자동차학원,발산1동
16907,126.8513127,37.54940115,KC대학교,화곡6동
16908,126.8527155,37.55113469,백연공원,화곡6동
16909,126.8533162,37.55253987,하나마트,화곡6동
16910,126.8502252,37.55045586,강서구청후문,화곡6동
16911,126.8542067,37.55400284,화곡보람2차아파트,화곡6동
16912,126.8507266,37.55157295,강서아파트,화곡6동
16913,126.7985207,37.58257404,개화동상사마을종점(가상),방화2동
16914,126.8479819,37.5427234,본동사무소,화곡본동
16915,126.8514758,37.55277415,황제참치,화곡6동
16916,126.8366192,37.55294646,명덕고등학교.웰튼병원,발산1동
16917,126.8212167,37.55185365,청과시장2,발산1동
16918,126.8522417,37.55409071,콘티넨탈호텔,화곡6동
16919,126.8376591,37.55618733,발산역.우장산힐스테이트,발산1동
16920,126.8211156,37.54818549,강서면허시험장,발산1동
16921,126.8632088,37.55206812,등촌역1번출구,등촌1동
16922,126.8386305,37.55924607,발산역,등촌3동
16923,126.8222347,37.54738305,수명산파크7단지상가,발산1동
16924,126.8398259,37.56287279,호서전문학교,등촌3동
16925,126.8242775,37.54785107,수명산파크7단지정문,발산1동
16926,126.8403195,37.56444316,전화국,등촌3동
16927,126.8241693,37.55006761,수명중.고등학교,발산1동
16928,126.8409088,37.56626506,기업은행,등촌3동
16929,126.8253975,37.55140845,마곡수명산파크5단지.6단지,발산1동
16930,126.8027332,37.55985521,김포공항국내선(11-2번홈),공항동
16931,126.8260631,37.55329542,수명산파크상가,발산1동
16932,126.8378903,37.57070784,변전소,가양1동
16933,126.8282122,37.55339409,수명산파크5단지아파트,발산1동
16934,126.802614,37.56001617,김포공항국내선(11-3번홈),공항동
16935,126.8297394,37.55325753,수명산파크1단지아파트앞,발산1동
16936,126.8204379,37.58354775,방화대교(가상),방화3동
16937,126.8310798,37.55109683,현대슈퍼,발산1동
16938,126.8217039,37.58424493,방화대교(가상),방화3동
16939,126.8318357,37.54962732,발산초등학교,발산1동
16940,126.8377373,37.57074728,변전소,가양1동
16941,126.8331242,37.54787562,화곡중.고등학교,발산1동
16942,126.8368633,37.5774689,마곡철교(가상),가양1동
16943,126.8353186,37.54787149,송화시장,화곡3동
16944,126.8370996,37.57776068,마곡철교(가상),가양1동
16945,126.8312834,37.57273595,배드민턴장,가양1동
16946,126.8379443,37.55462522,우장산월드메르디앙아파트,우장산동
16947,126.8230653,37.57326367,마곡역,가양1동
16948,126.8395111,37.55447057,강서노인회관,우장산동
16949,126.8205787,37.57393213,방화2단지,방화3동
16950,126.8404847,37.55437097,롯데2차,우장산동
16951,126.8013317,37.56527679,김포공항국제선(1경기),방화2동
16952,126.8415568,37.55426969,발산어린이집,우장산동
16953,126.812642,37.57681861,방화역,방화3동
16954,126.8442048,37.55288372,강서구민회관,우장산동
16955,126.8136548,37.57838631,방화3동주민센터,방화3동
16956,126.8464574,37.5527407,롯데3차APT,화곡6동
16957,126.8132285,37.57680692,방화동삼익아파트,방화3동
16958,126.8478384,37.55318672,공영주차장,화곡6동
16959,126.8066857,37.56386543,방화중학교(시외버스),방화2동
16960,126.8499144,37.55307765,강서구청입구,화곡6동
16961,126.8196509,37.57883265,서광아파트,방화3동
16962,126.8185765,37.58348242,생태공원,방화3동
16963,126.852979,37.56133281,등촌7단지,등촌3동
16964,126.8486444,37.56153368,등촌10단지,등촌3동
16965,126.8477466,37.55990696,등촌미주.진로아파트,등촌3동
16966,126.8456364,37.55896348,등촌3동성당사거리,등촌3동
16967,126.8439156,37.55914234,등촌5단지,등촌3동
16968,126.8417736,37.55935034,공원앞,등촌3동
16969,126.8390115,37.55970501,발산역.NC백화점,등촌3동
16970,126.8560381,37.53665141,대성마트,화곡4동
16971,126.8508668,37.53794883,태창아파트,화곡8동
16972,126.806203,37.59158576,행주대교남단(가상),방화2동
16973,126.8363504,37.55321461,명덕고등학교.웰튼병원,발산1동
16974,126.8361382,37.54985865,우장산역,발산1동
16975,126.8179816,37.55344093,강서농수산물도매시장,발산1동
16976,126.8226727,37.55451677,강서농수산물도매시장종점,발산1동
16977,126.849752,37.56291828,등촌동주공9단지,등촌3동
16978,126.8498917,37.56268147,등촌주공9단지,등촌3동
16979,126.8513905,37.56210126,등촌동주공8단지,등촌3동
16980,126.7692004,37.55629322,화훼단지,공항동
16981,126.7688707,37.55639891,화훼단지,공항동
16982,126.8068747,37.55663659,김포세관,공항동
16983,126.8076814,37.55633063,국립항공박물관,공항동
16984,126.8135834,37.5511507,화물청사,공항동
16985,126.8159368,37.54960181,대한항공,발산1동
16986,126.8521,37.56162367,등촌주공8단지,등촌3동
16987,126.8132205,37.55143217,대한항공화물청사,공항동
16988,126.8131745,37.54628775,대한항공훈련센터,공항동
16989,126.8585762,37.56545633,가양대교(가상),가양2동
16990,126.8585869,37.56586878,가양대교(가상),가양2동
16992,126.8112609,37.55342047,김포공항화물청사,공항동
16993,126.8080679,37.55566085,김포공항세관.국립항공박물관,공항동
16994,126.8570263,37.53551602,강원슈퍼,화곡4동
16995,126.8145691,37.55073415,대한항공빌딩,발산1동
16996,126.8168536,37.549578,대한항공,발산1동
16997,126.8008097,37.56488592,김포공항국제선,방화2동
16998,126.7977572,37.58144727,개화동,방화2동
16999,126.8168599,37.56041906,KT공항지사,공항동
19749,126.815969,37.54893415,대한항공차고지,공항동
19989,126.80194,37.57534498,개화파출소(가상),방화2동
19991,126.8160727,37.5490911,대한항공,공항동
19992,126.8123007,37.54588628,대한항공훈련센터,공항동
20135,126.79978,37.57842574,개화검문소(가상),방화2동
