구,상태,폐업일자,면적,경도,위도
성동구,폐업,2025-03-31,120.62,127.05958417659119,37.540058181294405
성동구,폐업,2025-03-24,55.37,127.05178504814616,37.544587655552284
마포구,폐업,2025-05-01,137.73,126.91797037964373,37.5542785770859
종로구,폐업,2020-07-14,21.27,126.98672608215433,37.57121205983932
종로구,폐업,2021-11-02,146.26,126.96865570119016,37.57798824602916
종로구,폐업,2020-03-31,135.0,126.98315328719069,37.57073863070556
종로구,폐업,2021-10-25,36.0,126.98559561114051,37.57220025106597
종로구,폐업,2025-01-16,91.86,126.99890249503095,37.574923477464424
종로구,폐업,2022-06-07,149.04,126.97036480214801,37.57341959409805
종로구,폐업,2020-07-31,101.65,126.96153919000322,37.568609934076555
종로구,폐업,2020-06-02,83.98,126.98650647286911,37.576575875444824
종로구,폐업,2020-06-22,132.16,126.9900062697686,37.56879918308794
종로구,폐업,2020-10-08,133.04,126.97160995285756,37.57114670227885
종로구,폐업,2022-06-27,55.74,126.97587195557493,37.57546183988297
종로구,폐업,2020-12-07,65.22,127.01681205405163,37.57345346139709
종로구,폐업,2023-08-25,53.46,126.97129164962156,37.57236143241186
종로구,폐업,2020-12-16,56.66,126.98748250817165,37.57268063584045
종로구,폐업,2022-11-17,118.93,126.96767200007734,37.57628810122466
종로구,폐업,2020-09-16,99.2,126.99445026320011,37.57312610438372
종로구,폐업,2024-08-20,100.3,126.97696013266717,37.57045889074498
중구,폐업,2022-04-19,80.3,126.96045048425336,37.558962258978475
중구,폐업,2022-04-27,66.46,126.97539765014152,37.56725871225291
중구,폐업,2021-04-29,51.0,126.99566778996862,37.56589206582307
중구,폐업,2022-04-21,149.78,127.01205773421525,37.56423041950738
중구,폐업,2022-09-08,126.14,126.99260194813922,37.5618831526287
중구,폐업,2022-02-28,129.58,126.98211640991146,37.56398180337255
중구,폐업,2023-06-14,111.04,126.98796294823399,37.564938013900715
중구,폐업,2024-10-15,102.28,127.003696589537,37.56462913644266
중구,폐업,2022-04-21,89.94,127.02021655365671,37.56922742051452
중구,폐업,2020-09-01,35.97,126.97502316260396,37.56467030649742
중구,폐업,2022-06-21,139.11,126.96055061508444,37.5588969599657
중구,폐업,2020-06-30,148.49,126.9773626834529,37.56669149157061
중구,폐업,2022-04-28,145.5,127.01108469057155,37.56739462740704
중구,폐업,2022-03-24,60.13,126.97499664688233,37.561918690608614
중구,폐업,2022-06-21,140.0,126.97788352718446,37.56749128877774
중구,폐업,2022-04-28,30.01,126.97683656774315,37.56679388404314
중구,폐업,2022-04-21,90.42,127.01885882860661,37.56531890265656
중구,폐업,2021-07-29,81.38,126.98969580950295,37.56409575876689
중구,폐업,2024-07-29,114.06,127.00023142283672,37.560216392553876
중구,폐업,2020-09-24,148.5,126.97727684223241,37.56778325627471
중구,폐업,2022-06-03,344.3,126.97655132192594,37.56077528278534
중구,폐업,2021-06-16,268.8,126.98506726549289,37.561466777255276
중구,폐업,2022-06-29,87.94,126.97497996175633,37.56364316510288
중구,폐업,2021-03-30,126.56,126.97480647820974,37.56126736256849
중구,폐업,2022-04-25,105.34,126.9759746755945,37.56174427498948
중구,폐업,2022-04-21,78.89,126.97062905354534,37.56311973354212
중구,폐업,2021-04-16,71.79,126.97584552295062,37.563707717057625
용산구,폐업,2024-02-23,116.36,127.00169854623142,37.53322000532556
용산구,폐업,2020-10-06,57.59,126.97075660237743,37.542740268840625
용산구,폐업,2021-07-05,142.45,126.99301881354239,37.534850462701755
용산구,폐업,2025-02-21,93.68,126.96083456052074,37.53481310664098
용산구,폐업,2024-03-04,145.65,126.99061769903189,37.53401479822076
용산구,폐업,2024-03-25,85.0,126.99161865159589,37.53231992035253
용산구,폐업,2021-04-08,81.14,127.00286674601551,37.53418071400372
용산구,폐업,2024-03-25,128.09,126.95973294760138,37.53515145515067
용산구,폐업,2025-02-21,58.62,126.98462460551555,37.53914344716205
용산구,폐업,2024-02-23,142.63,126.99769952667019,37.537413764344784
용산구,폐업,2021-04-26,136.0,126.99293976848546,37.531108171374704
용산구,폐업,2025-02-21,30.63,126.96748969437289,37.54454077862388
용산구,폐업,2024-02-23,107.95,126.9975428764256,37.537237265369185
용산구,폐업,2024-03-25,71.04,126.98875844954874,37.53083814123414
용산구,폐업,2022-06-03,100.68,127.00320300463098,37.5322279937514
용산구,폐업,2024-03-25,55.44,126.96191380051897,37.553240012407926
용산구,폐업,2024-03-25,49.5,126.96891175621543,37.55076924902498
용산구,폐업,2020-11-20,147.99,126.997065286165,37.535952623450385
용산구,폐업,2023-02-02,88.6,126.99188590586333,37.534840582557635
용산구,폐업,2021-07-05,97.79,126.96393897849983,37.52769026568632
용산구,폐업,2023-11-01,71.77,127.00223841969064,37.532884176649
용산구,폐업,2024-05-13,56.0,127.00189338090523,37.532844694655
용산구,폐업,2022-12-13,103.6,126.96816658709629,37.53206425446846
용산구,폐업,2020-07-07,90.15,127.00677011754482,37.534124404417994
용산구,폐업,2021-08-25,96.73,126.95849514790484,37.53614844264572
용산구,폐업,2023-05-24,71.6,126.96713601865396,37.53091238877583
용산구,폐업,2023-10-12,152.07,126.9665653197425,37.53041421150434
용산구,폐업,2024-03-04,142.22,127.00383023251837,37.53399502400465
용산구,폐업,2024-03-25,67.83,126.99110426502929,37.533710894369996
용산구,폐업,2024-03-25,71.5,126.98927115263142,37.528675137919066
용산구,폐업,2024-03-04,111.67,126.99409207028576,37.53439290126953
용산구,폐업,2020-11-16,121.26,126.96371793197079,37.53767148445844
용산구,폐업,2024-02-23,148.0,126.96515055198539,37.530483733202686
용산구,폐업,2025-02-21,66.11,126.9636282585687,37.527354132681964
용산구,폐업,2024-03-04,107.3,126.9650301484674,37.52645503497582
용산구,폐업,2020-03-13,133.99,126.96282937951231,37.52642489955138
용산구,폐업,2024-03-04,135.0,126.95478326408598,37.53329075234404
용산구,폐업,2024-03-25,70.55,127.00189338090523,37.532844694655
성동구,폐업,2025-03-24,46.98,127.05316090915521,37.54909037544284
성동구,폐업,2023-03-31,58.23,127.05169816535658,37.54601387235275
성동구,폐업,2021-05-31,106.0,127.0420024262632,37.546735800723894
성동구,폐업,2023-01-20,117.94,127.05194133425466,37.542477199982876
성동구,폐업,2023-03-31,53.0,127.05169816535658,37.54601387235275
성동구,폐업,2021-11-01,69.6,127.0589986129494,37.53904646926977
성동구,폐업,2024-07-23,123.75,127.04923470928854,37.56678405740347
성동구,폐업,2024-11-18,94.62,127.01798162217386,37.54816509876317
성동구,폐업,2021-10-20,71.05,127.05727015269738,37.536298003752464
성동구,폐업,2022-04-06,93.7,127.0340914770178,37.55890434497805
광진구,폐업,2020-11-09,98.33,127.0757648129928,37.55715101408068
광진구,폐업,2022-02-17,77.28,127.09234247221585,37.54045641288445
광진구,폐업,2025-02-24,60.19,127.07659275482808,37.56298913261984
광진구,폐업,2020-10-13,679.67,127.10843353273744,37.555685753040834
광진구,폐업,2021-12-28,67.98,127.06611152816403,37.54247527443859
광진구,폐업,2021-07-19,79.86,127.08196234223405,37.53835913989477
광진구,폐업,2022-12-27,149.15,127.08509535412003,37.54778430152961
광진구,폐업,2021-08-10,98.74,127.06421794741611,37.54723500910805
광진구,폐업,2022-01-25,78.75,127.08208605979917,37.53170111439976
광진구,폐업,2022-01-25,124.37,127.0819879583149,37.555457777864916
광진구,폐업,2022-03-11,66.36,127.08246379291224,37.53292963208106
동대문구,폐업,2023-05-25,133.74,127.0631455050174,37.59096281454145
동대문구,폐업,2021-11-10,114.32,127.05952211289278,37.595251264766986
동대문구,폐업,2024-02-26,121.34,127.06761074564878,37.57094724754469
동대문구,폐업,2020-08-19,79.21,127.03655350139672,37.57758422847511
동대문구,폐업,2021-11-30,94.25,127.06803600708139,37.57160204770152
동대문구,폐업,2022-08-08,140.15,127.06803600708139,37.57160204770152
동대문구,폐업,2023-07-26,130.93,127.06807809456289,37.57024874244289
동대문구,폐업,2020-06-17,119.65,127.06837681500315,37.57105970813557
동대문구,폐업,2023-01-17,41.56,127.04852362272347,37.591213690771475
동대문구,폐업,2021-11-08,70.52,127.0483365244064,37.591689233843816
동대문구,폐업,2022-12-29,81.25,127.03590997403064,37.581527584028116
동대문구,폐업,2023-03-23,123.86,127.06524733817092,37.572316199320845
동대문구,폐업,2023-01-02,113.6,127.05321524348543,37.57308871984884
동대문구,폐업,2022-11-17,144.21,127.06389027627911,37.57295820447685
동대문구,폐업,2023-08-17,82.5,127.05409013106033,37.56739172709727
동대문구,폐업,2022-12-23,295.56,127.06561744667013,37.567874280097605
동대문구,폐업,2021-03-09,122.31,127.04862864512236,37.56821881659438
동대문구,폐업,2021-02-25,96.01,127.05450236247206,37.56502638803207
동대문구,폐업,2025-01-14,149.1,127.04549575067824,37.58233307129111
동대문구,폐업,2023-08-28,146.75,127.06843465123481,37.57064083989801
중랑구,폐업,2021-02-01,142.53,127.07449135615569,37.59469579043331
중랑구,폐업,2021-01-12,123.92,127.09770678471276,37.5984501476774
중랑구,폐업,2021-02-22,92.66,127.07659177760381,37.58365245879541
중랑구,폐업,2024-09-24,118.18,127.07670712639305,37.58684342168099
중랑구,폐업,2021-01-12,70.4,127.09302368872726,37.598402531373026
중랑구,폐업,2020-03-25,86.73,127.08630718660035,37.5964432772388
중랑구,폐업,2022-06-09,147.02,127.07211291704787,37.59264465309927
중랑구,폐업,2024-09-24,114.31,127.0772172078051,37.58576948257507
중랑구,폐업,2020-10-26,46.02,127.09633328741481,37.5990475460481
중랑구,폐업,2024-08-30,65.96,127.0867354245853,37.58042293924097
중랑구,폐업,2024-09-24,72.64,127.09070019934417,37.59530495562722
중랑구,폐업,2023-12-11,146.55,127.07630509182336,37.60110137444039
중랑구,폐업,2022-09-27,78.09,127.07455267134779,37.60228154447393
중랑구,폐업,2020-10-27,93.36,127.08287990327872,37.57662531834062
중랑구,폐업,2022-08-23,133.4,127.08162432249996,37.59248363610751
중랑구,폐업,2024-10-11,84.98,127.08930760194401,37.595007398314266
성북구,폐업,2021-10-27,116.23,127.03089994505895,37.60331726386353
성북구,폐업,2020-02-10,127.69,127.01397079621388,37.59168459617481
성북구,폐업,2020-02-03,116.95,127.05185839439596,37.612368395231634
성북구,폐업,2021-04-26,41.91,127.01517641011881,37.59230917759967
성북구,폐업,2020-02-04,42.76,127.01894307268583,37.58124436899894
성북구,폐업,2020-02-11,131.1,127.01091007082431,37.59176539880957
성북구,폐업,2022-06-17,96.44,127.03311312823129,37.60795051525753
성북구,폐업,2021-12-06,77.16,127.04756363663066,37.615886135155414
성북구,폐업,2022-04-26,94.31,127.05966780861233,37.6142439135317
성북구,폐업,2023-03-29,150.32,127.05351997071955,37.610802192282605
성북구,폐업,2020-10-05,83.74,127.01646356389251,37.58494506906001
성북구,폐업,2020-03-18,86.95,127.04979738734104,37.60821568852999
성북구,폐업,2020-06-08,64.04,127.01890056396202,37.58132120327122
성북구,폐업,2020-05-08,132.0,127.01345370723885,37.591381408494605
성북구,폐업,2020-12-04,75.69,127.0188576510314,37.58029264238294
성북구,폐업,2020-03-23,54.0,127.01579511296411,37.58705465594003
성북구,폐업,2020-03-04,79.54,127.02503125705745,37.605500294135794
성북구,폐업,2020-06-04,93.34,127.00688153617831,37.60855054961179
강북구,폐업,2021-09-02,73.08,127.0258783893636,37.64207086880864
강북구,폐업,2020-09-03,82.7,127.0226995242776,37.6383423976428
강북구,폐업,2021-10-27,141.09,127.03013370497708,37.611147358908454
강북구,폐업,2021-09-24,147.02,127.01984282844943,37.636618546116615
강북구,폐업,2020-02-18,147.6,127.02332240996525,37.640104752425856
강북구,폐업,2021-09-15,92.38,127.01587229659168,37.633130678958686
강북구,폐업,2023-03-13,60.5,127.03271531134509,37.63484698730246
강북구,폐업,2021-12-24,49.51,127.0217029332841,37.634594130234184
강북구,폐업,2021-08-24,57.2,127.02847609128422,37.611053007770494
강북구,폐업,2021-09-15,126.28,127.0112063302403,37.65973273263875
강북구,폐업,2021-09-15,77.74,127.01758516851218,37.61980922253524
강북구,폐업,2021-08-24,65.79,127.02099469783978,37.64347003299224
강북구,폐업,2020-01-22,126.26,127.02274483538605,37.640609214807164
강북구,폐업,2021-08-24,44.32,127.02271321821577,37.63507925846034
강북구,폐업,2024-05-10,63.69,127.03242237502563,37.63501092036607
강북구,폐업,2021-09-24,125.26,127.02200524147601,37.63512521187157
강북구,폐업,2021-10-27,73.82,127.02157259494338,37.63528758173541
강북구,폐업,2021-11-16,122.92,127.02213162165012,37.641660464674885
강북구,폐업,2021-08-24,136.85,127.01949359899037,37.63342455464021
강북구,폐업,2021-08-24,139.87,127.01995416460048,37.63566541922504
강북구,폐업,2021-09-15,79.51,127.02256995461659,37.62738027112106
강북구,폐업,2021-09-24,84.48,127.01776308569379,37.62497232189546
강북구,폐업,2021-08-24,137.28,127.02480397674394,37.621504625589054
강북구,폐업,2021-04-15,111.87,127.02289124266281,37.64037572329022
강북구,폐업,2021-09-15,82.96,127.00967934374762,37.64802285010756
강북구,폐업,2021-09-15,103.27,127.02019192525331,37.644522398403595
강북구,폐업,2021-10-27,119.69,127.01144660168772,37.64863047319249
강북구,폐업,2022-03-07,53.75,127.02125835410668,37.633106613114975
강북구,폐업,2021-09-15,107.59,127.01815043752677,37.61885640354979
강북구,폐업,2021-09-15,98.44,127.01481234101972,37.64069549320869
강북구,폐업,2021-09-24,125.92,127.01958658585164,37.61924180910466
강북구,폐업,2021-08-24,86.1,127.02089795293494,37.63301354894577
강북구,폐업,2023-04-11,110.38,127.01954868568009,37.62541608337799
강북구,폐업,2021-12-13,86.8,127.01942903208108,37.63407627730261
강북구,폐업,2023-06-02,61.2,127.02133756346379,37.63557242164422
강북구,폐업,2021-08-24,92.84,127.03007362019498,37.611037643647926
강북구,폐업,2021-08-24,117.42,127.01033514656605,37.64822665636132
강북구,폐업,2020-07-02,75.41,127.02545576277907,37.641537926689324
강북구,폐업,2021-09-24,69.72,127.01818331827079,37.62482046782973
강북구,폐업,2022-09-29,126.44,127.02601671000986,37.620292970271066
강북구,폐업,2021-09-15,136.68,127.02324405984899,37.63885706691646
강북구,폐업,2021-11-17,70.0,127.02178374999775,37.638446180145
강북구,폐업,2022-04-06,61.1,127.02178374999775,37.638446180145
강북구,폐업,2021-09-15,145.69,127.02588764193459,37.620619243425075
도봉구,폐업,2021-04-26,104.48,127.03946499303426,37.665310054805545
도봉구,폐업,2020-02-10,141.29,127.03252888752975,37.66491019177652
도봉구,폐업,2021-05-28,126.46,127.03117928021184,37.6467683604509
도봉구,폐업,2021-07-19,126.63,127.04049149465388,37.67054906172102
도봉구,폐업,2021-11-15,139.0,127.03071893875547,37.64755186391034
도봉구,폐업,2021-08-23,451.57,127.04293913203317,37.651730786042414
도봉구,폐업,2024-09-10,206.73,127.04682065187703,37.653384599325854
노원구,폐업,2020-09-04,39.78,127.06830220119042,37.660365106250204
노원구,폐업,2020-05-04,62.97,127.06912341209122,37.66162903759042
노원구,폐업,2022-12-01,54.87,127.07071570001537,37.624587626448296
노원구,폐업,2020-05-04,66.5,127.05926709723329,37.64815883531961
노원구,폐업,2020-05-04,63.0,127.05017684707147,37.6784577685927
노원구,폐업,2022-09-05,72.16,127.06150502428906,37.65613920903308
노원구,폐업,2020-05-04,107.44,127.05193592025867,37.67400552234554
노원구,폐업,2020-05-04,140.4,127.06787170026352,37.65838019675458
노원구,폐업,2021-11-12,75.38,127.0752778766948,37.61906993098722
노원구,폐업,2020-05-04,107.49,127.05269968138046,37.67737631206541
노원구,폐업,2022-08-16,52.64,127.05666101627799,37.65496241256747
은평구,폐업,2020-11-05,100.34,126.92422845585043,37.608781636970285
은평구,폐업,2024-06-20,53.38,126.91722894038209,37.61703794769621
은평구,폐업,2022-05-23,146.55,126.9265304381044,37.60890074752274
은평구,폐업,2021-08-30,127.04,126.91607104231214,37.61777165226126
은평구,폐업,2020-06-02,76.72,126.91528020122128,37.593380648484946
은평구,폐업,2023-04-24,69.16,126.89363099657899,37.58247870883823
은평구,폐업,2021-07-06,92.73,126.89134555829413,37.583430246271625
은평구,폐업,2021-04-20,145.45,126.91895652821401,37.617860930863344
은평구,폐업,2024-04-19,125.12,126.91662817285226,37.61694774121043
은평구,폐업,2020-05-29,58.98,126.9134724769257,37.60051578929831
은평구,폐업,2023-01-18,78.18,126.92009332275742,37.61741448918397
은평구,폐업,2023-04-24,105.64,126.91685409319376,37.619026202449334
은평구,폐업,2022-06-28,130.65,126.92719590471218,37.61080207972496
은평구,폐업,2023-04-24,139.65,126.91772301013093,37.60826553840553
은평구,폐업,2023-04-24,31.34,126.89752304266037,37.57963974670572
은평구,폐업,2024-08-05,96.77,126.89203154010501,37.58272176608947
은평구,폐업,2022-11-01,140.07,126.91294052346667,37.58858837339875
은평구,폐업,2022-11-07,84.08,126.91465082253971,37.58791797747109
은평구,폐업,2023-04-24,141.72,126.92019933434,37.60083848453666
은평구,폐업,2023-04-24,148.09,126.92596882339615,37.6108869200389
서대문구,폐업,2020-04-27,64.5,126.91757033576785,37.5732504006266
서대문구,폐업,2020-01-30,67.33,126.93942288193598,37.55779131414733
서대문구,폐업,2021-11-03,98.63,126.93964878875052,37.59060202644049
서대문구,폐업,2024-08-19,37.85,126.96249333948965,37.564560202315235
서대문구,폐업,2024-11-28,142.79,126.91343412292072,37.56898877493709
서대문구,폐업,2020-06-19,137.8,126.93019192987708,37.55685369424477
서대문구,폐업,2021-01-28,74.41,126.9570204821531,37.57140960264916
서대문구,폐업,2020-07-16,116.12,126.91172410562768,37.583867752259295
서대문구,폐업,2020-02-11,133.21,126.91119256027102,37.5708703784527
서대문구,폐업,2021-09-30,56.77,126.94455455455005,37.58622782324749
서대문구,폐업,2023-10-16,133.0,126.91342558143269,37.56908638670191
서대문구,폐업,2023-12-06,139.25,126.9397001487019,37.589474234065456
서대문구,폐업,2022-06-28,86.97,126.9394020773781,37.557324337381296
서대문구,폐업,2023-08-22,64.4,126.93609617473739,37.5581551086713
서대문구,폐업,2020-03-09,47.1,126.92757819655918,37.565979179722596
서대문구,폐업,2020-04-21,114.12,126.92326188681263,37.576066763544674
서대문구,폐업,2021-09-27,116.15,126.92247086215289,37.57623296191022
마포구,폐업,,,126.92545979221582,37.55380301182571
마포구,폐업,2021-01-14,30.24,126.94305660419839,37.54076794364833
마포구,폐업,2020-07-23,67.98,126.92088203176048,37.55586724002847
마포구,폐업,,,126.9078519781478,37.54944974079921
마포구,폐업,,,126.93547015640125,37.55358685496683
마포구,폐업,2022-05-11,127.89,126.91620788228072,37.55241816101185
마포구,폐업,2020-07-16,95.0,126.91044090806328,37.548505499401166
마포구,폐업,2023-01-19,66.12,126.94640505181742,37.54099051769232
마포구,폐업,2022-01-19,147.55,126.91747724674366,37.55393637996798
마포구,폐업,2024-08-22,53.75,126.91808987795848,37.555305742649075
마포구,폐업,2023-05-25,68.44,126.90289501584043,37.55358502691311
마포구,폐업,2020-02-24,144.0,126.9434084019023,37.54126540361848
마포구,폐업,2020-08-25,61.5,126.91807491084312,37.55597678795351
마포구,폐업,2021-12-30,134.64,126.91903588106338,37.55635385019933
마포구,폐업,2022-03-16,74.07,126.91807491084312,37.55597678795351
마포구,폐업,,,126.918800829953,37.554860600037046
마포구,폐업,2023-08-22,61.56,126.93104825399647,37.55549126593536
마포구,폐업,2023-04-27,131.91,126.90197937669676,37.55800942488523
마포구,폐업,2020-06-24,108.2,126.91637662131588,37.553099536558115
마포구,폐업,2021-10-27,149.28,126.9410484435728,37.53936573280601
마포구,폐업,2022-08-29,87.91,126.92461845867638,37.562596482632614
마포구,폐업,2021-11-17,108.0,126.91854656275721,37.556004402755704
마포구,폐업,2022-05-31,147.29,126.95093510664326,37.544827951223574
마포구,폐업,2020-12-17,70.48,126.94886346700693,37.5565419029505
마포구,폐업,2023-04-25,124.98,126.91577082474491,37.55804546350917
마포구,폐업,2020-08-19,49.9,126.9492534326583,37.556920852265115
마포구,폐업,2023-04-25,131.2,126.92487339733431,37.56295896666451
마포구,폐업,2023-12-06,35.64,126.9441662733329,37.539954699522035
마포구,폐업,2023-07-17,108.75,126.93915391215374,37.54764088089374
마포구,폐업,2020-09-22,102.33,126.91837184888296,37.5564108271161
마포구,폐업,2020-02-07,136.94,126.91795862806784,37.55010945355712
양천구,폐업,2024-03-29,107.9,126.87392802987908,37.53218063041063
양천구,폐업,2020-01-31,130.25,126.84972939569403,37.51991909772172
양천구,폐업,2023-10-24,133.56,126.85554573918843,37.52154922249652
양천구,폐업,2022-03-28,87.5,126.87152493587787,37.52186871269066
양천구,폐업,2022-03-11,141.67,126.83057711975988,37.536926924380104
양천구,폐업,2024-09-26,68.31,126.87023832509614,37.51884632200386
양천구,폐업,2024-05-31,71.43,126.87229007578638,37.522914999145755
양천구,폐업,2020-12-16,124.33,126.83989930653617,37.51906870049568
양천구,폐업,2022-04-05,81.0,126.86174327793236,37.55068525934333
양천구,폐업,2020-12-11,99.12,126.87032431909545,37.51876092287865
양천구,폐업,2022-03-22,107.11,126.84975645071513,37.52158193090649
양천구,폐업,2024-06-03,83.72,126.84989353373571,37.5196399765301
강서구,폐업,2022-06-15,56.25,126.83686734444227,37.528358740259705
강서구,폐업,2022-06-23,97.42,126.83427906489308,37.54459295754732
강서구,폐업,2021-11-29,137.95,126.84511185434343,37.53009229338457
강서구,폐업,2022-07-07,135.71,126.80737314479306,37.56105876886968
강서구,폐업,2024-10-11,79.02,126.83681574963568,37.52976001408344
강서구,폐업,2020-05-13,140.97,126.83606825729974,37.5293505268834
강서구,폐업,2021-03-02,79.34,126.83589949516167,37.529567558696456
강서구,폐업,2024-10-11,153.61,126.84502360234227,37.54602285124638
강서구,폐업,2024-10-11,96.84,126.80649419314344,37.57288761173818
강서구,폐업,2022-05-03,142.39,126.8391520225551,37.56770840718033
강서구,폐업,2021-07-08,64.4,126.84519501864055,37.549694073814784
강서구,폐업,2024-10-11,70.7,126.80503477821917,37.56209984355556
강서구,폐업,2024-10-11,105.12,126.8560544920899,37.53166167455066
강서구,폐업,2024-10-11,105.17,126.83292569354617,37.537191581391184
강서구,폐업,2024-10-11,107.8,126.83984846465981,37.52896228087238
강서구,폐업,2024-10-11,78.65,126.84491263739693,37.550116742117865
강서구,폐업,2024-12-30,65.24,126.836751756782,37.54193373945041
강서구,폐업,2024-12-30,105.32,126.80892419607297,37.55687175380751
강서구,폐업,2024-10-11,65.36,126.83915883174828,37.56726716844299
강서구,폐업,2021-02-24,99.13,126.84554948291716,37.54986287206472
강서구,폐업,2024-10-11,90.89,126.83587822059751,37.541465054218655
강서구,폐업,2022-06-14,133.65,126.83630547856698,37.529957145802165
강서구,폐업,2024-10-11,81.55,126.84022778599537,37.5438696616575
강서구,폐업,2024-10-11,64.67,126.84821556511073,37.552771923799625
강서구,폐업,2024-10-11,134.54,126.87105948379003,37.54745299618948
강서구,폐업,2024-10-11,107.99,126.8377191974923,37.530033561192305
강서구,폐업,2020-03-30,146.43,126.87134894275687,37.5473324201471
강서구,폐업,2024-10-11,147.59,126.8350325562767,37.536977872363956
강서구,폐업,2024-10-11,109.55,126.8404225292066,37.567584351545506
강서구,폐업,2024-10-11,102.28,126.83551700485432,37.53758058614799
강서구,폐업,2020-05-11,108.9,126.84355822368335,37.529231035752986
강서구,폐업,2023-11-13,93.88,126.87568388336199,37.54909512862777
강서구,폐업,2024-10-11,121.1,126.84457435168281,37.54972763124095
강서구,폐업,2024-10-11,139.3,126.80774275904938,37.56067370042678
강서구,폐업,2024-10-11,90.55,126.83575826787066,37.52974235882906
강서구,폐업,2021-02-26,70.88,126.83592785857168,37.52948085690893
구로구,폐업,2021-01-07,132.76,126.87459826010078,37.502059308093855
구로구,폐업,2021-01-07,53.46,126.84837087116361,37.5011498533116
구로구,폐업,2021-11-26,109.73,126.85327485680104,37.496893789672264
구로구,폐업,2021-01-07,136.28,126.85325212790637,37.49665818355008
구로구,폐업,2021-01-07,67.17,126.87604068273566,37.50171129970264
구로구,폐업,2021-01-07,52.8,126.85328768362152,37.4970212226967
구로구,폐업,2021-01-07,117.5,126.87984086647134,37.492724659455135
구로구,폐업,2021-01-07,118.39,126.8551313710204,37.497002182168615
구로구,폐업,2023-04-19,116.73,126.85622573557534,37.49658741052079
구로구,폐업,2020-06-18,148.12,126.88543589607089,37.49470483302343
구로구,폐업,2021-01-07,97.59,126.84085239455707,37.492266400394556
구로구,폐업,2021-01-07,21.5,126.85352824307941,37.488991537329795
구로구,폐업,2020-06-04,44.38,126.8528205393206,37.490988014205925
구로구,폐업,2020-12-01,94.62,126.85387730683891,37.48639027730163
구로구,폐업,2021-01-07,102.6,126.88978792116826,37.4912011261443
구로구,폐업,2021-01-07,135.2,126.85383384066492,37.49633892345498
구로구,폐업,2021-01-07,91.3,126.8802914996837,37.49273152848147
구로구,폐업,2021-01-07,142.7,126.88007955774421,37.49352799330909
구로구,폐업,2021-01-07,107.7,126.88725830956328,37.488904934153105
구로구,폐업,2020-11-30,92.23,126.89798344253877,37.48360496579902
구로구,폐업,2021-01-07,116.21,126.89830081287127,37.484576985304535
구로구,폐업,2021-01-07,104.5,126.83877886171422,37.49434111180621
구로구,폐업,2021-01-07,85.35,126.88055123554179,37.492149324428055
구로구,폐업,2021-01-07,109.82,126.83810116641708,37.4907771575875
금천구,폐업,2024-04-18,124.63,126.87612111489591,37.480420315062574
금천구,폐업,2021-10-14,130.05,126.88787643364896,37.47869997146628
금천구,폐업,2021-03-26,119.0,126.88709696504506,37.478914952686345
금천구,폐업,2020-10-21,81.73,126.89868708387107,37.45318593638379
금천구,폐업,2020-03-19,124.16,126.89758583396188,37.45387055924836
금천구,폐업,2021-11-30,129.24,126.89660675785615,37.4715337759485
금천구,폐업,2022-09-21,62.18,126.89394225577162,37.47129966273458
금천구,폐업,2022-09-01,64.52,126.89049489867816,37.477233874331624
영등포구,폐업,2021-11-29,54.59,126.92051773324938,37.512864604589495
영등포구,폐업,2020-04-29,64.48,126.90557653407483,37.518826978859565
영등포구,폐업,2021-11-12,324.63,126.90471158719168,37.5187511369282
영등포구,폐업,2020-12-08,36.06,126.92775137631644,37.52142963044593
영등포구,폐업,2021-05-25,190.54,126.92845801486835,37.51969764794534
영등포구,폐업,2020-12-29,123.17,126.8926589841369,37.536835002922174
영등포구,폐업,2022-07-04,154.26,126.90931973556515,37.50567041798367
영등포구,폐업,2022-07-04,74.55,126.91654858220006,37.52945002125866
영등포구,폐업,2023-05-26,81.48,126.90182149101967,37.518354514327974
영등포구,폐업,2024-04-16,30.03,126.92775137631644,37.52142963044593
영등포구,폐업,2022-11-15,79.29,126.90406223721847,37.51865560140627
영등포구,폐업,2023-04-13,91.3,126.90141711877315,37.51973023586745
영등포구,폐업,2022-04-18,47.08,126.92775137631644,37.52142963044593
영등포구,폐업,2022-11-15,83.65,126.90742726296307,37.518613891043145
영등포구,폐업,2022-07-04,90.3,126.90471158719168,37.5187511369282
영등포구,폐업,2020-12-23,40.82,126.92775137631644,37.52142963044593
영등포구,폐업,2023-01-13,148.0,126.90344919930455,37.51830534986536
영등포구,폐업,2020-06-30,53.72,126.90045294099906,37.49726980903628
영등포구,폐업,2022-07-22,111.19,126.88634509554338,37.51802499652237
영등포구,폐업,2022-07-04,139.2,126.92775137631644,37.52142963044593
영등포구,폐업,2022-07-04,177.19,126.9058230528985,37.518143817783006
영등포구,폐업,2020-07-03,115.68,126.90888062558304,37.5212499289006
영등포구,폐업,2020-09-10,63.83,126.89512027830939,37.52699771920711
영등포구,폐업,2022-07-22,49.0,126.88892245304028,37.52289230208923
영등포구,폐업,2020-11-25,81.63,126.90356995196497,37.51918142771017
영등포구,폐업,2022-07-04,185.57,126.9240258878883,37.5207823686865
영등포구,폐업,2023-03-27,143.8,126.90720839771386,37.51849139523652
영등포구,폐업,2022-07-22,44.71,126.9267524952617,37.5210293489651
영등포구,폐업,2020-12-29,92.82,126.8879058585104,37.52263631250509
영등포구,폐업,2022-07-04,100.82,126.90404339988415,37.5251470277344
영등포구,폐업,2023-03-23,178.1,126.9240258878883,37.5207823686865
영등포구,폐업,2020-01-21,161.92,126.92365927865876,37.52177620483952
영등포구,폐업,2022-07-22,59.57,126.91798037416912,37.53030879604892
영등포구,폐업,2022-07-22,70.56,126.89958372372762,37.50375164620749
영등포구,폐업,2022-07-04,138.12,126.90687131789856,37.51926173814888
영등포구,폐업,2022-04-01,43.5,126.92683234911563,37.520354287094065
영등포구,폐업,2022-07-22,98.99,126.8914731573646,37.51316576039124
영등포구,폐업,2022-07-04,130.34,126.91804744566602,37.51391466743183
영등포구,폐업,2022-07-04,144.45,126.9089016482424,37.505937889841206
영등포구,폐업,2022-07-22,50.73,126.88902711204503,37.52345665457764
영등포구,폐업,2022-07-22,70.72,126.89322744726215,37.52854135167852
영등포구,폐업,2020-12-29,119.19,126.89370984852592,37.53698671780718
영등포구,폐업,2020-09-03,116.95,126.91654502484863,37.52852604662697
영등포구,폐업,2021-09-30,147.0,126.91866568118395,37.52961111282901
영등포구,폐업,2020-05-19,84.91,126.90405121967204,37.52502469194422
영등포구,폐업,2020-12-10,71.68,126.89032830935514,37.52441412325909
영등포구,폐업,2022-07-04,29.15,126.92775137631644,37.52142963044593
영등포구,폐업,2022-07-04,135.11,126.8917511777001,37.521298085741904
영등포구,폐업,2023-06-05,65.52,126.89306966117131,37.5370596856912
영등포구,폐업,2022-03-30,31.53,126.92217880412527,37.5214543540683
영등포구,폐업,2023-04-13,29.96,126.92437407364807,37.52020502146318
영등포구,폐업,2022-07-04,46.58,126.92775137631644,37.52142963044593
영등포구,폐업,2022-07-22,73.78,126.88945651267153,37.522158622736846
영등포구,폐업,2022-07-04,41.04,126.89465777504552,37.5268669278948
영등포구,폐업,2021-04-15,26.04,126.92775137631644,37.52142963044593
영등포구,폐업,2021-04-30,31.8,126.92845801486835,37.51969764794534
영등포구,폐업,2023-03-27,78.04,126.88816409335234,37.51594117060959
영등포구,폐업,2022-07-22,48.65,126.9022972795564,37.488003493543836
영등포구,폐업,2020-12-28,78.58,126.89432970059127,37.53447933393644
영등포구,폐업,2022-07-04,121.01,126.89631600122928,37.52796411764772
영등포구,폐업,2022-07-22,109.11,126.8878573661108,37.524333420045686
영등포구,폐업,2022-07-22,91.96,126.90541933529684,37.5186191149245
영등포구,폐업,2022-07-22,78.49,126.89407361018417,37.50224146404175
영등포구,폐업,2022-07-04,57.61,126.90393804656765,37.525068934321965
영등포구,폐업,2022-04-25,151.01,126.89260385800598,37.50854307317264
영등포구,폐업,2022-07-04,95.51,126.89383452570578,37.52473230041013
영등포구,폐업,2022-07-04,41.18,126.90611221558521,37.51269501448069
영등포구,폐업,2020-05-19,73.24,126.8947526716901,37.527157277644086
영등포구,폐업,2022-07-22,78.95,126.90920304689575,37.521024656953124
영등포구,폐업,2022-07-04,52.32,126.89455125939413,37.52721728259974
영등포구,폐업,2022-07-22,64.2,126.92616886720778,37.52244985497817
영등포구,폐업,2022-07-04,36.72,126.90388783704502,37.52514236469087
영등포구,폐업,2022-07-22,78.72,126.92348428507225,37.520242229039084
영등포구,폐업,2022-07-04,93.54,126.90902858102935,37.51126005171481
영등포구,폐업,2022-07-04,106.92,126.90033509807103,37.492677002526605
영등포구,폐업,2022-07-04,66.78,126.89851799517157,37.49095573133373
영등포구,폐업,2022-07-22,56.1,126.89889478674404,37.49574109918028
영등포구,폐업,2022-07-22,95.03,126.89314717966859,37.521956498932695
영등포구,폐업,2022-12-20,147.33,126.88666159885186,37.522671583433564
영등포구,폐업,2022-07-22,119.83,126.90164025129646,37.487466514538106
영등포구,폐업,2023-03-27,75.9,126.92786088028278,37.526029233365065
영등포구,폐업,2022-07-04,37.21,126.92775137631644,37.52142963044593
영등포구,폐업,2022-07-22,37.23,126.92775137631644,37.52142963044593
영등포구,폐업,2021-11-30,102.92,126.8902994849488,37.52429829699854
영등포구,폐업,2022-07-04,144.38,126.90636760852632,37.51697445620017
영등포구,폐업,2022-07-04,99.2,126.89913296300476,37.53493674755399
영등포구,폐업,2022-07-04,81.77,126.91695857983046,37.51364668539626
영등포구,폐업,2020-07-01,101.05,126.90087703360734,37.52082865153661
영등포구,폐업,2020-08-07,33.56,126.89334950211531,37.52668620719077
영등포구,폐업,2022-07-04,61.4,126.92548625024531,37.519429103707
영등포구,폐업,2022-07-22,65.52,126.89970470230949,37.53427775251623
영등포구,폐업,2022-07-04,73.95,126.90220924152422,37.524567934214446
영등포구,폐업,2022-07-04,157.74,126.90394812292641,37.518612646717635
영등포구,폐업,2020-06-30,151.59,126.9171408122803,37.49948611728732
영등포구,폐업,2022-07-18,51.48,126.90196015878847,37.525203846366814
영등포구,폐업,2022-06-02,94.82,126.9058230528985,37.518143817783006
영등포구,폐업,2022-07-04,38.86,126.92775137631644,37.52142963044593
영등포구,폐업,2021-03-31,89.64,126.91908350338558,37.529804767999515
영등포구,폐업,2022-07-04,105.24,126.89126827012475,37.51299764358325
영등포구,폐업,2022-07-22,17.83,126.92639166466934,37.520806078319886
영등포구,폐업,2023-03-27,54.04,126.88695874674289,37.51652701332962
영등포구,폐업,2023-03-27,140.5,126.90747601209192,37.51810150038184
영등포구,폐업,2022-07-22,94.72,126.90689144095545,37.51786785884321
영등포구,폐업,2023-07-21,47.79,126.92775137631644,37.52142963044593
영등포구,폐업,2022-06-15,128.55,126.90552111063045,37.518413482068404
영등포구,폐업,2022-07-04,54.4,126.91007631619985,37.51162096279416
영등포구,폐업,2020-05-27,120.5,126.89918256759282,37.50357639599844
영등포구,폐업,2023-04-13,33.35,126.90742117915818,37.51233503519098
영등포구,폐업,2022-07-04,134.25,126.90356995196497,37.51918142771017
영등포구,폐업,2022-01-25,57.3,126.92775137631644,37.52142963044593
영등포구,폐업,2023-03-27,47.52,126.9193540317556,37.52997860546681
영등포구,폐업,2021-11-03,129.73,126.895726218121,37.497079314045905
영등포구,폐업,2022-07-22,99.6,126.89576316985074,37.498507131550866
영등포구,폐업,2022-07-04,75.8,126.92938633260171,37.519814896377035
영등포구,폐업,2023-04-13,135.44,126.89200909394461,37.51260017339988
영등포구,폐업,2021-03-31,98.92,126.92697713619441,37.520793473244225
영등포구,폐업,2022-02-11,133.94,126.90318566980237,37.519367065418
동작구,폐업,2021-05-18,134.55,126.93779038483082,37.50527448924298
동작구,폐업,2021-05-10,110.05,126.90566918057189,37.49092614344983
동작구,폐업,2024-02-05,75.39,126.97368302689199,37.48326713823609
동작구,폐업,2022-08-25,95.99,126.91827830389063,37.49796783388167
동작구,폐업,2023-03-02,96.5,126.977961748268,37.486513322528225
동작구,폐업,2020-11-17,41.18,126.93315065449778,37.5126364216031
동작구,폐업,2022-01-26,101.04,126.92501049731645,37.499465145811236
동작구,폐업,2020-12-07,79.14,126.92953652182558,37.50033556661841
동작구,폐업,2022-11-07,96.86,126.91794114970583,37.4996910145291
동작구,폐업,2020-10-05,62.65,126.96198497968582,37.507308858339066
동작구,폐업,2021-05-24,126.16,126.97030971301669,37.48375708412022
동작구,폐업,2021-11-19,117.7,126.97565550844557,37.477138253477925
동작구,폐업,2020-10-12,123.5,126.92501049731645,37.499465145811236
동작구,폐업,2020-05-13,132.55,126.94911897248568,37.51248850903006
관악구,폐업,2021-12-30,115.34,126.97555382387888,37.47597937306917
관악구,폐업,2020-06-22,144.22,126.96018678936498,37.4775036873005
관악구,폐업,2022-12-26,119.27,126.94936374265617,37.48039583553467
관악구,폐업,2022-05-02,138.28,126.90217172500928,37.48086080705857
관악구,폐업,2020-11-25,101.6,126.94726597199032,37.48031876090899
관악구,폐업,2023-01-05,94.66,126.91154747896961,37.48747796095836
관악구,폐업,2024-07-01,71.08,126.97452004457418,37.47612733582613
관악구,폐업,2021-05-31,118.06,126.90019359148185,37.4840635273656
관악구,폐업,2021-05-04,96.38,126.91176438973639,37.483056687212624
관악구,폐업,2020-05-01,71.5,126.9498470987853,37.47931792474137
관악구,폐업,2021-03-29,123.85,126.95410097869186,37.47934389531889
관악구,폐업,2022-12-13,56.34,126.97843624867023,37.4752924627493
관악구,폐업,2020-01-29,129.78,126.89890329047424,37.48261710026679
관악구,폐업,2020-07-06,97.34,126.9507908944787,37.4840559889954
관악구,폐업,2021-09-08,106.48,126.90011250823987,37.48396205519405
관악구,폐업,2021-05-31,123.47,126.92610398605409,37.483577011910995
관악구,폐업,2023-05-25,12.37,126.91132192376685,37.48208590175036
관악구,폐업,2024-10-08,148.62,126.91201669602948,37.481015492092745
관악구,폐업,2021-03-23,101.08,126.95050434770282,37.48134979866643
관악구,폐업,2020-06-15,109.05,126.94979625252154,37.4791035328507
관악구,폐업,2021-09-03,94.32,126.89929431505287,37.4830751582932
관악구,폐업,2020-07-06,61.28,126.93433423491466,37.486155872800026
관악구,폐업,2023-04-19,77.57,126.94807526572608,37.48258533721868
관악구,폐업,2020-06-22,125.6,126.9546559050254,37.47909673477843
서초구,폐업,2024-03-15,129.14,127.01555941087348,37.51652510121928
서초구,폐업,2023-02-06,129.51,127.01501675049846,37.51740273148763
서초구,폐업,2020-06-30,139.31,127.01959328367334,37.504695949824665
서초구,폐업,2021-08-24,41.34,127.01997146294144,37.50449757873793
서초구,폐업,2020-06-30,146.19,127.03922544885792,37.47561455533571
서초구,폐업,2024-02-05,56.34,127.01508970226439,37.51634543430209
서초구,폐업,2020-11-16,61.75,126.99101955900062,37.4863657402561
서초구,폐업,2024-01-30,86.73,127.0155899130195,37.51322980881847
서초구,폐업,2020-06-30,132.04,127.02905568054834,37.48518645956136
서초구,폐업,2023-08-10,117.86,127.0172519679963,37.496032326700714
서초구,폐업,2021-11-30,154.01,126.98842065355389,37.49026559888142
서초구,폐업,2021-10-08,147.97,127.01118703433404,37.49529086961863
서초구,폐업,2020-01-03,132.3,127.01350364811768,37.493674606206326
서초구,폐업,2021-12-01,93.04,127.0160099708002,37.516630230356554
서초구,폐업,2021-02-09,224.9,127.01106043695476,37.48726294408674
서초구,폐업,2024-10-22,115.37,127.01208795467196,37.48654673830037
서초구,폐업,2023-04-20,113.97,127.01639093682698,37.51074476545189
서초구,폐업,2020-06-30,98.4,126.98243103271957,37.49799020100372
서초구,폐업,2022-12-26,109.98,127.00788948326769,37.49225058037532
서초구,폐업,2020-10-27,75.11,127.01511532909431,37.49406413508286
서초구,폐업,2025-02-05,145.99,127.01087798378678,37.49159927339233
서초구,폐업,2020-06-29,148.0,127.01443268558941,37.4944821417423
서초구,폐업,2021-06-21,109.06,127.02577501737933,37.49336097342778
서초구,폐업,2024-04-09,137.61,127.01545482329762,37.51597735858531
서초구,폐업,2020-07-17,145.24,126.99327648981694,37.48262661198998
서초구,폐업,2023-03-14,139.57,127.01194153652548,37.49251102087061
서초구,폐업,2021-03-31,100.81,127.01133941476259,37.48906555667374
서초구,폐업,2020-06-30,76.91,127.04044811258187,37.475603750395905
서초구,폐업,2022-06-09,149.63,127.01462580498989,37.51510381436645
서초구,폐업,2021-11-30,138.25,127.04061385645471,37.47653055277263
서초구,폐업,2020-10-29,110.94,127.0137778366606,37.49362135980977
서초구,폐업,2020-06-30,144.1,127.02751769636005,37.48954269854465
서초구,폐업,2020-02-04,77.11,127.01482098171915,37.51707929646626
서초구,폐업,2021-07-30,125.2,127.01350364811768,37.493674606206326
서초구,폐업,2022-12-27,81.47,127.01344505562464,37.49379393965131
서초구,폐업,2020-06-30,78.59,127.01950407487276,37.50651912871737
서초구,폐업,2025-01-15,108.64,127.04057884515738,37.47568980986173
서초구,폐업,2020-02-07,82.9,127.01120563527478,37.489767126634895
강남구,폐업,2021-12-20,87.52,127.02958549642224,37.488563472122514
강남구,폐업,2022-07-29,162.64,127.02606667803197,37.520797164430704
강남구,폐업,2020-09-29,124.27,127.03809945365506,37.492895040397535
강남구,폐업,2021-10-07,83.16,127.03428894790656,37.51697732439339
강남구,폐업,2023-12-26,90.47,127.06257764278735,37.50831382714597
강남구,폐업,2023-09-18,136.93,127.05526933826177,37.504538753918176
강남구,폐업,2024-07-09,120.58,127.03449107937085,37.507633562369925
강남구,폐업,2020-12-07,125.09,127.02861832956879,37.49713925563419
강남구,폐업,2022-02-04,84.56,127.02441593226642,37.52110659608855
강남구,폐업,2020-01-30,97.78,127.02625340195705,37.51799656466555
강남구,폐업,2020-08-20,118.9,127.0331979389457,37.50331081778941
강남구,폐업,2023-08-14,118.64,127.04267928159399,37.52620423496925
강남구,폐업,2020-11-23,90.12,127.0555136798448,37.50281849046158
강남구,폐업,2024-04-04,114.82,127.04282681111908,37.52610857389866
강남구,폐업,2021-12-16,119.25,127.03143455931055,37.50042859272397
강남구,폐업,2020-01-20,123.57,127.02847260779474,37.52023909402006
강남구,폐업,2023-08-22,84.78,127.01950720229806,37.5186927904714
강남구,폐업,2021-04-09,97.9,127.01927602169303,37.51666542838585
강남구,폐업,2020-07-20,96.04,127.06443429346756,37.48877692639141
강남구,폐업,2023-09-18,141.6,127.03003102894952,37.52273622232711
강남구,폐업,2020-06-04,122.94,127.03207485445728,37.51485185896674
강남구,폐업,2021-04-09,106.9,127.03430811074101,37.50936992555905
강남구,폐업,2022-12-15,129.92,127.02275284784723,37.50362651157782
강남구,폐업,2021-11-03,73.67,127.03428894790656,37.51697732439339
강남구,폐업,2021-04-01,147.99,127.0241767768815,37.51879794800764
강남구,폐업,2023-09-07,135.63,127.05593832946124,37.498591515854045
강남구,폐업,2023-11-01,135.85,127.04152633569983,37.50972851321469
강남구,폐업,2020-03-02,146.19,127.02339043497341,37.51304398051633
강남구,폐업,2021-06-04,146.31,127.04773097381576,37.51169396524516
강남구,폐업,2020-04-28,106.06,127.03477131117809,37.52778930938352
강남구,폐업,2021-11-24,147.47,127.05588253804595,37.506477358009406
강남구,폐업,2023-12-26,76.14,127.03971464080648,37.50513834134476
강남구,폐업,2021-11-24,64.37,127.05627774853983,37.502855459528234
강남구,폐업,2020-04-02,112.35,127.02991819062176,37.50608231543612
강남구,폐업,2021-11-15,89.27,127.06167080568244,37.51464247529837
강남구,폐업,2022-04-28,94.27,127.02887188036206,37.52045196292698
강남구,폐업,2021-08-05,111.64,127.03647077327194,37.5168896424016
강남구,폐업,2022-03-08,92.39,127.02634962631781,37.5193387390914
강남구,폐업,2020-04-10,143.97,127.02495391823413,37.52093780706521
강남구,폐업,2022-03-04,145.42,127.02605719651645,37.51707749152917
강남구,폐업,2020-06-26,116.88,127.03523690256814,37.51680703452274
강남구,폐업,2020-08-27,70.85,127.04567150722188,37.47427691528766
강남구,폐업,2020-08-26,83.36,127.01645010300088,37.517970345474666
강남구,폐업,2021-05-31,149.59,127.03504405422683,37.502570065752906
강남구,폐업,2022-09-22,36.09,127.04793917110914,37.50354637972158
강남구,폐업,2023-02-24,118.6,127.04850393221712,37.51879965730126
강남구,폐업,2021-12-08,141.04,127.05177317709392,37.505224363397
강남구,폐업,2020-09-25,144.0,127.03908458447648,37.5138918483414
강남구,폐업,2021-11-15,135.0,127.03656318343245,37.50059154154146
강남구,폐업,2021-06-18,86.66,127.05028120364607,37.507146854205786
강남구,폐업,2020-09-16,135.0,127.04456020601606,37.50513721200441
강남구,폐업,2020-01-02,114.36,127.03299988826235,37.50188021659252
강남구,폐업,2021-12-24,144.71,127.05468957792046,37.50586483838876
강남구,폐업,2020-08-26,148.6,127.03319071087985,37.521510669510675
강남구,폐업,2022-02-24,128.33,127.03079558296787,37.52078323768028
강남구,폐업,2021-10-29,21.3,127.02500968377296,37.51921501118619
강남구,폐업,2020-05-14,59.0,127.04910032500476,37.525148127924936
강남구,폐업,2022-06-10,129.89,127.03221911182803,37.49881762169908
강남구,폐업,2020-06-02,145.27,127.03168521420345,37.51455323265623
강남구,폐업,2022-06-21,128.56,127.03246176057765,37.4850003281041
강남구,폐업,2021-05-14,132.25,127.03546724036075,37.50270849583369
강남구,폐업,2020-12-31,115.15,127.028207116763,37.494360594573955
강남구,폐업,2021-06-18,159.69,127.0307852593941,37.520125977574914
강남구,폐업,2021-02-19,117.95,127.0272530006102,37.515909661194634
강남구,폐업,2023-12-06,144.28,127.0233297538343,37.5020625322392
강남구,폐업,2021-05-07,103.19,127.03382951448272,37.51553093181745
강남구,폐업,2021-11-04,138.29,127.02831498442667,37.51466927749236
강남구,폐업,2024-03-29,116.73,127.05648345430942,37.50312019310743
강남구,폐업,2023-03-15,153.43,127.04039936587097,37.5045108105109
강남구,폐업,2024-02-02,148.8,127.03677797324659,37.52226485946592
강남구,폐업,2023-09-18,99.87,127.02468307457337,37.525475537827326
강남구,폐업,2024-10-16,87.28,127.01691356130996,37.51869070923652
강남구,폐업,2023-06-28,128.22,127.03348143735523,37.51710031777901
강남구,폐업,2025-04-16,126.42,127.03326065560802,37.5153555848189
강남구,폐업,2025-03-21,138.63,127.04445645011582,37.52490867275275
강남구,폐업,2025-04-15,137.58,127.03453514148853,37.49161066338815
강남구,폐업,2025-04-23,92.26,127.04286442842005,37.51113851111143
송파구,폐업,2021-04-07,120.0,127.07787297690223,37.51067772066542
송파구,폐업,2020-04-14,104.25,127.11626535281582,37.49459362115173
송파구,폐업,2020-04-17,409.65,127.09504902014581,37.51128661020394
송파구,폐업,2020-06-22,107.66,127.10716628269826,37.51548516361345
송파구,폐업,2021-08-20,72.31,127.1195527876793,37.495109649018666
송파구,폐업,2023-06-14,138.46,127.10627676201496,37.51523233899208
송파구,폐업,2025-02-25,54.81,127.1175462491218,37.49506443414675
송파구,폐업,2021-11-10,143.78,127.10745066996695,37.51529814466281
송파구,폐업,2022-07-08,134.16,127.1216791850749,37.500314570393094
송파구,폐업,2024-02-07,138.06,127.10966343381733,37.51234025993198
송파구,폐업,2021-12-31,137.2,127.10505634066469,37.50099641121663
송파구,폐업,2022-10-04,125.36,127.11014669552611,37.51219481842343
송파구,폐업,2021-11-09,97.97,127.1021051026613,37.508135858450096
송파구,폐업,2024-04-23,105.54,127.13897407446413,37.50152795972733
송파구,폐업,2022-03-25,77.63,127.07971727116674,37.5056309475044
송파구,폐업,2020-11-10,144.67,127.08101603454004,37.510539468832754
송파구,폐업,2022-11-10,117.03,127.10078038275306,37.506607645743735
송파구,폐업,2024-03-06,84.64,127.10632111338893,37.51198992617324
송파구,폐업,2021-11-08,23.0,127.10658094600542,37.51234542676099
송파구,폐업,2024-04-23,121.59,127.13586958238173,37.503533770802406
송파구,폐업,2023-01-10,95.9,127.10078305631482,37.507030508018694
송파구,폐업,2021-07-30,92.38,127.10446260312507,37.50578243649999
송파구,폐업,2022-08-24,139.58,127.12603595499968,37.48341748788021
송파구,폐업,,140.33,127.10307902488198,37.51002921526086
송파구,폐업,2023-12-26,121.62,127.10780928494808,37.50936352369511
송파구,폐업,2022-04-28,109.5,127.0889034570239,37.50681079582524
송파구,폐업,2023-03-20,144.39,127.10893278443062,37.508467048435314
송파구,폐업,2023-06-13,135.67,127.1434270280391,37.49834967802949
송파구,폐업,2020-06-30,143.31,127.1037378397819,37.501027740899154
송파구,폐업,2021-06-15,114.47,127.10588376262034,37.51407483102311
송파구,폐업,2020-11-09,68.59,127.11767062934432,37.49431391732365
송파구,폐업,2021-06-02,134.77,127.09404789596144,37.505209438867716
강동구,폐업,2024-11-29,84.1,127.11849990513296,37.53038732006273
강동구,폐업,2022-06-28,79.15,127.12661601294245,37.53962818975298
강동구,폐업,2023-08-07,58.68,127.11855443432313,37.530105891336895
강동구,폐업,2022-08-22,120.7,127.12656067421099,37.539809160376
강동구,폐업,2020-12-10,77.88,127.13118039626146,37.54602131361591
강동구,폐업,2023-05-02,107.58,127.11988996495377,37.5324501635423
강동구,폐업,2021-05-03,149.34,127.12529514086017,37.54040766800037
강동구,폐업,2022-12-30,81.34,127.14034683357677,37.552208308538084
강동구,폐업,2023-05-24,138.11,127.13326021652593,37.53608162907553
강동구,폐업,2024-02-13,81.8,127.1193694020919,37.52997252330794
강동구,폐업,2023-06-30,90.78,127.13083345240244,37.52289815288357
강동구,폐업,2021-11-10,146.16,127.13863784059755,37.5427102035657
강동구,폐업,2021-11-26,121.6,127.13746184137574,37.541214554112926
강동구,폐업,2022-01-26,91.54,127.12336656640697,37.54751655039937
강동구,폐업,2023-12-29,76.54,127.1316937014689,37.52524005181967
강동구,폐업,2022-01-26,98.26,127.12579575931585,37.55113895992296
