구,상태,인허가일자,폐업일자,면적,경도,위도,읍면동
용산구,정상영업,1985-11-12,,7470.17,126.98232123877585,37.5172556579229,용산동6가
광진구,정상영업,2011-10-04,,1162.0,127.0670102433251,37.54350264661168,화양동
은평구,정상영업,2011-09-16,,1508.4,126.91900930470273,37.61860693495705,불광1동
송파구,정상영업,2000-07-13,,17693.0,127.11486125119131,37.491738570839466,문정동
강동구,정상영업,2011-09-27,,1127.88,127.13749542347742,37.55531088261707,암사3동
송파구,정상영업,2011-08-29,,288.0,127.08333681744926,37.510641771957324,잠실3동
강북구,정상영업,2011-08-23,,490.0,127.01604929948925,37.617949466005236,미아동
강남구,정상영업,2014-09-16,,510.88,127.02078377303586,37.509945465975676,논현동
성북구,정상영업,2011-09-08,,331.0,127.01489976112093,37.59787212478675,돈암2동
송파구,정상영업,2012-03-30,,203.3,127.11413100308168,37.52795363500618,풍납2동
송파구,정상영업,2011-09-05,,172.8,127.1062196423701,37.514188956750615,방이2동
송파구,정상영업,2011-08-29,,300.01,127.08012968317699,37.512148145440456,잠실2동
종로구,정상영업,2019-09-17,,25198.02,126.98475456657394,37.57221697499566,낙원동
종로구,정상영업,2019-09-17,,25198.02,126.98475456657394,37.57221697499566,낙원동
종로구,정상영업,1955-07-05,,16128.75,126.99605745634798,37.57005464817025,예지동
종로구,정상영업,2011-08-16,,273.3,127.01328775838935,37.573851704888035,숭인동
종로구,정상영업,2004-12-10,,11750.0,127.00445648252165,37.57060610984493,종로6가
종로구,정상영업,1992-07-04,,6906.53,126.97924145046335,37.5695798364841,서린동
종로구,정상영업,2007-07-04,,9370.53,126.9957766270017,37.57148288658324,인의동
종로구,정상영업,2007-09-07,,3393.77,127.01213974242293,37.57737897010399,창신동
종로구,정상영업,1991-07-31,,55081.94,127.0060223981139,37.57039444707672,종로6가
종로구,정상영업,2003-10-20,,4612.66,127.00522173818904,37.57078101683115,종로6가
종로구,정상영업,2004-04-30,,4674.66,126.97518977011842,37.57058240188763,종로1가
종로구,정상영업,2010-02-18,,8390.2,126.99417337725195,37.57228585723755,인의동
종로구,정상영업,2011-12-20,,432.9,126.97186332603987,37.57048749523897,신문로1가
종로구,정상영업,2003-03-04,,16128.75,126.99605745634798,37.57005464817025,예지동
종로구,정상영업,2004-04-30,,,126.97924145046335,37.5695798364841,서린동
종로구,정상영업,1971-03-25,,1313.0,127.01745478508404,37.572668668533794,숭인동
종로구,정상영업,1987-10-30,,1313.0,127.01745478508404,37.572668668533794,숭인동
중구,정상영업,1964-10-13,,53845.06,126.97506982031939,37.55939313636234,남창동
중구,정상영업,1971-12-30,,10269.89,126.99304914887345,37.56240265486773,충무로4가
중구,정상영업,1980-10-16,,4203.03,127.00910028193479,37.568145315596,신당동
중구,정상영업,2009-09-08,,4097.54,127.01363840840492,37.56743000761679,흥인동
중구,정상영업,1972-09-18,,10041.58,126.99262696872125,37.566757757057125,을지로4가
중구,정상영업,1973-04-10,,78348.39,126.97824871813984,37.56092260884928,충무로1가
중구,정상영업,2006-10-23,,8119.0,127.00967389810876,37.568955081488475,신당1동
중구,정상영업,2010-10-08,,17758.45,127.00767310239294,37.5688231579331,신당1동
중구,정상영업,1970-01-29,,15144.0,127.00484232182069,37.56864344723963,을지로6가
중구,정상영업,2012-08-31,,17356.62,127.00410102394015,37.565761322905054,을지로6가
중구,정상영업,2012-12-27,,11576.19,126.96654626619998,37.556031205337696,봉래동2가
중구,정상영업,1999-09-01,,11576.19,126.96654626619998,37.556031205337696,봉래동2가
중구,정상영업,1979-05-25,,13458.03,127.00902137107705,37.568641970081316,신당1동
중구,정상영업,1998-08-11,,17736.37,127.00542039609577,37.568322240382415,을지로6가
중구,정상영업,1979-04-20,,6775.3,127.00802273611636,37.56917991482462,신당동
중구,정상영업,1980-12-20,,6020.32,126.97334956788117,37.55942198145683,남창동
중구,정상영업,1978-12-22,,7676.86,126.97819950053712,37.56480978484286,소공동
중구,정상영업,2002-06-12,,9067.72,127.00957333700784,37.568118251098504,신당동
중구,정상영업,2019-10-17,,3778.41,126.99247825789257,37.56804797632115,산림동
중구,정상영업,2002-07-22,,13941.72,127.00525272836907,37.56749259122329,을지로6가
중구,정상영업,2004-06-01,,11090.62,126.96669510716418,37.55820072719306,봉래동2가
중구,정상영업,1983-06-03,,12192.28,127.0120569756928,37.56946507485934,신당1동
중구,정상영업,2006-04-14,,18815.13,127.01188887623614,37.569137454731475,신당동
중구,정상영업,2008-06-26,,20144.48,127.01854373612623,37.570978222747556,황학동
중구,정상영업,2008-07-18,,27653.82,127.01854373612623,37.570978222747556,황학동
중구,정상영업,2008-08-27,,5835.93,126.98227171919721,37.56249976149008,명동2가
중구,정상영업,1962-02-23,,24483.79,127.00519514120838,37.56946499109677,을지로6가
중구,정상영업,2002-01-15,,21481.63,126.98000051200617,37.56341328305386,명동2가
중구,정상영업,2008-09-16,,40302.01,127.00439089841292,37.56687321815724,을지로6가
용산구,정상영업,2012-03-23,,181.89,127.00277606723054,37.532116450321794,한남동
용산구,정상영업,2014-07-31,,121.7,126.96897500999947,37.542217828417236,남영동
용산구,정상영업,1985-07-01,,,126.97127105427673,37.53342571077417,한강로1가
용산구,정상영업,1993-04-13,,,126.96141772180385,37.53410384324059,한강로2가
용산구,정상영업,2004-09-21,,106290.33,126.96126654334233,37.52955742609546,한강로3가
용산구,정상영업,2004-12-22,,6876.34,126.96508318656629,37.5281936487888,한강로2가
용산구,정상영업,1987-11-26,,37901.41,126.96214237270283,37.53301024045151,한강로2가
용산구,정상영업,2006-08-25,,17898.53,126.96126654334233,37.52955742609546,한강로3가
용산구,정상영업,1968-11-09,,1209.2,126.96073613371482,37.55129386425684,서계동
용산구,정상영업,1987-02-13,,4845.26,126.99069783622967,37.53470672292456,이태원동
용산구,정상영업,1987-10-31,,62555.57,126.95683746953844,37.532814469423805,한강로3가
용산구,정상영업,1987-11-10,,11669.19,126.96052858606322,37.53362129147816,한강로3가
용산구,정상영업,1988-06-23,,8382.6,126.95700087422412,37.53368392893002,원효로3가
용산구,정상영업,1985-11-12,,3327.67,126.98232123877585,37.5172556579229,용산동6가
용산구,정상영업,1993-04-13,,10634.18,126.96141772180385,37.53410384324059,한강로2가
용산구,정상영업,1960-02-17,,574.0,126.98716302465319,37.53382954418872,이태원동
용산구,정상영업,2020-08-13,,8500.52,126.95949356249974,37.53281151670074,한강로3가
성동구,정상영업,2012-02-14,,264.3,127.02965738975224,37.562718602308756,왕십리2동
성동구,정상영업,1980-09-05,,0.0,127.06337086750501,37.560210702927264,용답동
성동구,정상영업,1982-10-16,,0.0,127.01126777163644,37.53973981690442,옥수동
성동구,정상영업,1998-08-03,,4049.55,127.02422842144254,37.55790166673219,행당동
성동구,정상영업,2000-03-31,,5873.69,127.02631735663064,37.55588045038522,행당동
성동구,정상영업,1968-12-07,,3225.0,127.05256563272751,37.54754752773186,성수동2가
성동구,정상영업,2006-03-20,,25910.0,127.03552114391518,37.56974326971218,마장동
성동구,정상영업,2007-03-23,,7717.09,127.03204634164807,37.564393114852884,왕십리도선동
성동구,정상영업,2008-06-27,,11573.0,127.03516008467312,37.56368446474169,행당동
성동구,정상영업,2008-08-28,,7960.0,127.03549178736719,37.56128897122646,행당동
성동구,정상영업,2012-02-24,,578.96,127.01354890324775,37.549963036494745,금호동3가
성동구,정상영업,2012-03-21,,293.34,127.01796103094509,37.55452218412229,금호동1가
광진구,정상영업,1970-12-23,,1524.1,127.06197240065211,37.53648691573683,자양동
광진구,정상영업,1971-05-01,,6426.48,127.0644999733416,37.53889096101888,자양동
광진구,정상영업,1971-05-08,,2107.8,127.07842352365262,37.56391829866956,중곡동
광진구,정상영업,2008-09-03,,3741.82,127.06819694269768,37.548437879869404,군자동
광진구,정상영업,2011-09-22,,662.55,127.07842352365262,37.56391829866956,중곡1동
광진구,정상영업,2011-10-05,,235.8,127.08593052471969,37.55454619100133,중곡4동
광진구,정상영업,2012-03-06,,274.4,127.07714215502851,37.55762633800754,중곡2동
광진구,정상영업,1977-01-31,,1137.92,127.08558573590584,37.55799510803415,중곡동
광진구,정상영업,1979-07-16,,2418.11,127.07354571917408,37.53199409392323,자양동
광진구,정상영업,1998-03-23,,49840.0,127.09287476235619,37.535699702821624,구의동
광진구,정상영업,2006-02-28,,3004.13,127.08126340211159,37.53090624772537,자양동
광진구,정상영업,1998-03-23,,4122.0,127.09287476235619,37.535699702821624,구의동
광진구,정상영업,2015-04-03,,4037.2,127.06305960261648,37.541151649949185,자양동
광진구,정상영업,1980-04-07,,2456.45,127.0670102433251,37.54350264661168,화양동
광진구,정상영업,1980-06-18,,2135.53,127.07824769891263,37.56359763200503,중곡동
광진구,정상영업,1989-08-23,,3995.19,127.09069544805536,37.53391763152814,구의동
광진구,정상영업,1990-11-17,,3625.18,127.09571426354493,37.54062083838449,광장동
광진구,정상영업,1992-11-05,,1707.82,127.09298400951184,37.5386274742487,구의동
광진구,정상영업,1997-01-30,,5880.92,127.0947310110651,37.53739770605889,구의동
광진구,정상영업,2012-03-21,,132.23,127.08928666173779,37.55197768452067,구의2동
광진구,정상영업,2012-03-29,,232.07,127.09137971465923,37.540533616927576,구의3동
광진구,정상영업,2006-12-14,,11320.4,127.06974203287463,37.537803135259864,자양동
광진구,정상영업,2008-08-22,,26203.17,127.06824670604945,37.53878862240545,자양동
동대문구,정상영업,2003-10-23,,12010.0,127.03589897942807,37.57451022953594,용두동
동대문구,정상영업,2008-08-06,,2448.0,127.02264835264405,37.5728315903354,신설동
동대문구,정상영업,2011-03-15,,5746.45,127.05929113822478,37.566273700919936,장안동
동대문구,정상영업,2007-05-09,,13762.35,127.03362038979753,37.57852308777503,제기동
동대문구,정상영업,2006-04-24,,6986.87,127.03478462857943,37.577797051463136,용두동
동대문구,정상영업,2009-03-20,,8286.24,127.05900468022875,37.59848835511636,이문1동
동대문구,정상영업,1975-09-05,,809.0,127.0656783323447,37.57788463981047,장안동
동대문구,정상영업,1974-07-11,,2178.0,127.06314157351981,37.59460577171887,휘경동
동대문구,정상영업,1972-07-12,,1774.0,127.05900468022875,37.59848835511636,이문동
동대문구,정상영업,2004-07-22,,7753.13,127.03271014758452,37.57856145602474,제기동
동대문구,정상영업,2005-04-29,,11167.69,127.0694991041825,37.57192621558758,장안동
동대문구,정상영업,2012-05-21,,130.8,127.05644903315279,37.594668029894116,이문동
동대문구,정상영업,2013-11-27,,3824.55,127.05316677521913,37.59081803158585,회기동
동대문구,정상영업,2010-08-11,,10910.6,127.04410236002589,37.58097729495557,전농1동
동대문구,정상영업,2010-07-23,,40346.6,127.04410236002589,37.58097729495557,전농1동
동대문구,정상영업,1977-12-26,,1250.85,127.02662986989846,37.57840402003222,용두동
동대문구,정상영업,1960-06-29,,15540.7,127.03642276044877,37.57916298642758,제기동
동대문구,정상영업,1972-10-12,,1813.0,127.0386288110756,37.57979460179543,제기동
동대문구,정상영업,1948-09-21,,19780.15,127.04149982707881,37.58143956526194,청량리동
동대문구,정상영업,2011-09-07,,1701.2,127.05757584481069,37.57664212040417,전농동
동대문구,정상영업,1978-12-28,,10431.44,127.04410783865407,37.574540602063,전농동
동대문구,정상영업,1974-04-02,,4244.0,127.05417159413743,37.5779585194555,전농동
동대문구,정상영업,1971-03-11,,1655.9,127.04941941918989,37.56762797771789,답십리동
동대문구,정상영업,2009-03-20,,8286.24,127.05900468022875,37.59848835511636,이문동
동대문구,정상영업,2011-09-07,,769.5,127.06781939933887,37.581512694259594,장안동
동대문구,정상영업,2016-12-30,,7377.08,127.02264835264405,37.5728315903354,신설동
동대문구,정상영업,2018-01-25,,441.1,127.03642276044877,37.57916298642758,제기동
동대문구,정상영업,2011-09-26,,967.51,127.05040124737407,37.5675713500063,답십리1동
동대문구,정상영업,2011-12-28,,1478.96,127.05929113822478,37.566273700919936,장안동
중랑구,정상영업,2001-03-28,,4136.0,127.09438928121853,37.60805315630301,신내1동
중랑구,정상영업,1975-09-09,,0.0,127.074574006062,37.599293008975415,중화2동
중랑구,정상영업,2011-07-04,,466.1,127.074574006062,37.599293008975415,중화2동
중랑구,정상영업,2011-08-09,,364.6,127.09733810588538,37.594939169404725,망우3동
중랑구,정상영업,2012-01-06,,1440.66,127.08340635019538,37.57954755711983,면목7동
중랑구,정상영업,2006-08-28,,11101.0,127.09087324152527,37.6157946307416,신내2동
중랑구,정상영업,2006-10-26,,8128.82,127.07817307200784,37.57992799373431,면목동
중랑구,정상영업,2010-07-21,,5100.83,127.07466258151506,37.61384588748609,묵1동
중랑구,정상영업,2010-12-29,,22618.65,127.08762368028492,37.598101159737865,상봉1동
중랑구,정상영업,2001-04-18,,9776.28,127.08732229768496,37.59686384169581,상봉동
성북구,정상영업,2019-05-24,,0.0,127.00742864011599,37.594807830058635,돈암동
성북구,정상영업,2012-05-21,,215.0,127.01857003990943,37.580758952519616,보문동7가
성북구,정상영업,2012-05-21,,685.6,127.0455704459814,37.62293507459277,장위동
성북구,정상영업,2012-05-21,,257.0,127.01543342445646,37.603261004491706,정릉3동
성북구,정상영업,2012-05-21,,189.0,127.01593882493214,37.609776369359636,길음동
성북구,정상영업,2012-10-16,,14370.0,127.00742864011599,37.594807830058635,돈암동
성북구,정상영업,2008-05-29,,10006.0,127.02683784095623,37.61085634829917,길음동
성북구,정상영업,2012-02-24,,10745.0,127.02810592321048,37.605052403184345,하월곡동
성북구,정상영업,1971-05-22,,,127.04979738734104,37.60821568852999,석관동
성북구,정상영업,1972-09-30,,,127.04505003695836,37.6213190477255,장위동
성북구,정상영업,2001-08-11,,36583.0,127.02583462053673,37.60837442819217,길음동
성북구,정상영업,2003-02-10,,2973.4,127.01887697064096,37.60271203283409,길음동
성북구,정상영업,2008-05-29,,10006.0,127.02683784095623,37.61085634829917,길음동
성북구,정상영업,2004-09-22,,18964.0,127.02683784095623,37.61085634829917,길음동
성북구,정상영업,2008-06-20,,3583.0,127.05476090593503,37.61337542942581,장위동
성북구,정상영업,2008-10-27,,4382.65,127.03059906534244,37.60196393709111,종암동
성북구,정상영업,2010-04-28,,10006.0,127.02683784095623,37.61085634829917,길음동
성북구,정상영업,2010-06-30,,19201.0,127.02810592321048,37.605052403184345,길음2동
성북구,정상영업,2010-05-19,,17817.0,127.03755514654458,37.601820976664996,하월곡동
성북구,정상영업,2012-04-12,,202.0,127.01505472074308,37.607561305229574,길음1동
성북구,정상영업,2012-04-12,,198.0,127.01508279285974,37.6108720478642,길음1동
성북구,정상영업,2012-04-20,,80.49,127.03587802072389,37.60420775454403,월곡1동
성북구,정상영업,2012-04-25,,17056.0,127.01428654773156,37.59260509731219,동선동1가
성북구,정상영업,2012-05-14,,149.49,127.00366811666892,37.58786268109334,삼선동1가
강북구,정상영업,1966-12-19,,5301.07,127.02005814588244,37.630781144743914,수유동
강북구,정상영업,1971-11-18,,3634.6,127.01843755660106,37.64034645265025,수유동
강북구,정상영업,1975-02-11,,5023.11,127.01590485397466,37.620246988940536,미아동
강북구,정상영업,1971-07-19,,2651.0,127.02745506869914,37.63623647882298,번1동
강북구,정상영업,1975-02-11,,3243.0,127.01590485397466,37.620246988940536,미아동
강북구,정상영업,2014-12-24,,12353.04,127.02762399716941,37.61370132969098,미아동
강북구,정상영업,1998-06-25,,4239.91,127.02056064450731,37.631696553982195,수유동
강북구,정상영업,2003-12-09,,0.0,127.02056064450731,37.631696553982195,수유동
강북구,정상영업,2003-04-25,,9258.0,127.02687570357693,37.61272002047807,미아동
강북구,정상영업,2008-07-10,,1698.5,127.01324357896812,37.6362170416198,수유동
강북구,정상영업,2011-01-24,,2736.8,127.02745506869914,37.63623647882298,번1동
강북구,정상영업,2011-09-09,,8319.26,127.0148282326308,37.62557410754406,미아동
강북구,정상영업,2011-12-02,,500.56,127.02411444273196,37.62273898434033,미아동
강북구,정상영업,2006-12-14,,45651.37,127.0276358515983,37.614215984414464,미아동
도봉구,정상영업,2019-03-28,,3338.57,127.0352533925011,37.66140604657626,쌍문동
도봉구,정상영업,2012-03-26,,784.04,127.03220190481377,37.64348257266518,창동
도봉구,정상영업,1989-08-04,,2775.53,127.02426021839437,37.66143190471009,방학동
도봉구,정상영업,1995-11-29,,3364.41,127.03464131191248,37.64237061371983,창동
도봉구,정상영업,2012-03-15,,705.1,127.03244744600734,37.65918857254101,쌍문2동
도봉구,정상영업,2010-11-30,,3629.76,127.04478626771956,37.6745500734023,도봉동
도봉구,정상영업,2012-01-05,,784.04,127.03220190481377,37.64348257266518,창2동
도봉구,정상영업,2003-02-03,,4036.49,127.04517030326268,37.68573651593075,도봉동
노원구,정상영업,2011-12-29,,565.54,127.06567798763739,37.61780285234586,월계3동
도봉구,정상영업,2012-03-18,,197.7,127.03424281418242,37.646467983846414,창1동
도봉구,정상영업,2003-06-25,,15851.56,127.04085228035485,37.66484189955164,방학동
도봉구,정상영업,2006-09-04,,5648.26,127.03439041166038,37.64008079655384,창동
도봉구,정상영업,2010-04-02,,4297.5,127.0444380971713,37.652021727811345,창동
도봉구,정상영업,2011-09-26,,1095.47,127.03220190481377,37.64348257266518,창2동
도봉구,정상영업,2012-03-15,,844.9,127.02426021839437,37.66143190471009,방학3동
노원구,정상영업,2012-03-26,,324.4,127.0683826106621,37.628141296171684,공릉동
노원구,정상영업,2011-12-29,,739.8,127.0807120736863,37.62081085050528,공릉2동
노원구,정상영업,2007-08-06,,10209.0,127.06638170853891,37.63658857038254,하계동
노원구,정상영업,2001-12-07,,12840.0,127.06571826409112,37.63991860183286,중계동
노원구,정상영업,2004-02-26,,1615.8,127.05199866889654,37.68027003047857,상계동
노원구,정상영업,2004-09-06,,38200.14,127.0589680448907,37.627340551277605,월계동
노원구,정상영업,2004-12-13,,10479.0,127.06738467756811,37.647295499541634,중계동
노원구,정상영업,2005-12-02,,9769.24,127.06087122206105,37.65533921070781,상계동
노원구,정상영업,2007-04-19,,10292.0,127.06186442920179,37.63882671623933,중계동
노원구,정상영업,2010-07-09,,4572.81,127.0662695814164,37.659783910280744,상계동
노원구,정상영업,1996-09-18,,0.0,127.07403890580238,37.64837733757775,중계동
노원구,정상영업,1998-12-31,,7863.67,127.06907810565274,37.660387358735,상계동
노원구,정상영업,2004-06-01,,1089.67,127.07144160749905,37.64982754825054,중계동
노원구,정상영업,2011-06-21,,1505.36,127.06267523571542,37.6641184501122,상계동
노원구,정상영업,2011-06-21,,397.7,127.07665059118334,37.62264996122352,공릉동
노원구,정상영업,2005-08-26,,48227.17,127.05818836673737,37.65514412747118,상계동
은평구,정상영업,2005-09-01,,9350.53,126.92611364779033,37.60972137406473,대조동
은평구,정상영업,2007-04-11,,16972.65,126.92611364779033,37.60972137406473,대조동
은평구,정상영업,1975-03-04,,2367.26,126.91909041532473,37.61944901182918,불광동
은평구,정상영업,1970-09-12,,649.0,126.91567328969585,37.59439512829487,응암동
은평구,정상영업,1970-12-24,,3887.79,126.92997065564725,37.61475429755956,불광동
은평구,정상영업,1988-11-23,,,126.92541945760102,37.61492897479722,불광동
은평구,정상영업,2012-02-06,,189.1,126.90744526352955,37.59888321906639,신사1동
은평구,정상영업,2012-03-23,,246.18,126.90676569109253,37.61494705030886,갈현2동
은평구,정상영업,1991-04-18,,6172.36,126.91900930470273,37.61860693495705,불광동
은평구,정상영업,2002-04-09,,5042.9,126.9185882398322,37.61963451975198,불광동
은평구,정상영업,2012-03-20,,191.9,126.91957173973448,37.60610258403721,역촌동
은평구,정상영업,2016-04-27,,57505.0,126.91513305312583,37.637482684528294,진관동
은평구,정상영업,2009-09-28,,6881.2,126.89575893636685,37.579593293627,수색동
은평구,정상영업,2001-10-31,,16105.48,126.91730250270884,37.60035754806895,응암동
은평구,정상영업,2009-11-05,,3003.51,126.91606684268345,37.602972635811305,역촌동
은평구,정상영업,2011-07-25,,510.0,126.9136779568427,37.6114329675926,구산동
은평구,정상영업,2011-08-11,,272.0,126.91494594518045,37.59426188471656,응암3동
은평구,정상영업,2011-12-19,,200.9,126.92998136857267,37.617666219204075,불광1동
서대문구,정상영업,1970-08-14,,6606.0,126.939153100028,37.59100214242204,홍제3동
서대문구,정상영업,1987-10-24,,1100.0,126.91303659871589,37.57071870866521,남가좌동
서대문구,정상영업,1992-11-19,,35471.76,126.9329937361326,37.556157262014786,창천동
서대문구,정상영업,2006-09-19,,13436.59,126.93902740895078,37.559794700087636,신촌동
서대문구,정상영업,2007-08-09,,14133.01,126.94203238130515,37.55764121301208,대현동
서대문구,정상영업,1999-04-29,,3305.0,126.92677304219525,37.56714455975786,연희동
서대문구,정상영업,2013-06-16,,232.7,126.91073633823197,37.58245501046027,북가좌동
서대문구,정상영업,2018-04-12,,0.0,126.93958989527505,37.59139602755116,홍제동
서대문구,정상영업,2012-02-07,,1573.0,126.94447484353435,37.58520952397699,홍제동
서대문구,정상영업,2011-07-01,,2040.0,126.93958989527505,37.59139602755116,홍제동
마포구,정상영업,2018-08-14,,9747.1,126.92190473479793,37.55952821306618,동교동
마포구,정상영업,2012-03-22,,1561.5,126.92979176435223,37.5459562362009,구수동
마포구,정상영업,2012-04-17,,158.07,126.91753128767115,37.564499554448304,연남동
마포구,정상영업,2019-07-24,,323.62,126.93152121394708,37.55107110034907,신수동
마포구,정상영업,2008-03-31,,6884.25,126.92186843617394,37.55719200037008,동교동
마포구,정상영업,1977-07-15,,1689.0,126.95042380960244,37.545197184115395,공덕동
마포구,정상영업,2010-12-23,,5687.96,126.95047469933986,37.54244404343058,공덕동
마포구,정상영업,2010-12-23,,5687.96,126.95047469933986,37.54244404343058,신공덕동
마포구,정상영업,2011-01-06,,14201.0,126.91089226711584,37.550934760541224,서교동
마포구,정상영업,1974-04-14,,750.0,126.95048647047238,37.5448139695638,공덕동
마포구,정상영업,1970-07-29,,0.0,126.91028156025001,37.54822088375087,합정동
마포구,정상영업,1994-05-10,,6592.35,126.9330911853484,37.55512147590787,노고산동
마포구,정상영업,1972-06-22,,0.0,126.90978859238113,37.55346812477362,서교동
마포구,정상영업,1972-09-13,,1092.16,126.93268253294559,37.545430538386924,신수동
마포구,정상영업,2009-11-12,,3060.29,126.9034124466114,37.55848970999407,망원2동
마포구,정상영업,2011-07-29,,22471.9,126.9220342319501,37.557315102822436,동교동
마포구,정상영업,2011-12-12,,377.72,126.94889719793501,37.53778451408307,도화동
마포구,정상영업,1972-07-19,,0.0,126.91878354771879,37.55352208528477,서교동
마포구,정상영업,1998-07-18,,12337.24,126.8952486088356,37.56508636010932,성산동
마포구,정상영업,2007-05-07,,3992.0,126.92893257832979,37.54659367115415,창전동
양천구,정상영업,2012-05-23,,240.66,126.84036772165666,37.50979712275823,신정동
양천구,정상영업,2012-05-31,,1943.87,126.82587820046663,37.5397565166573,신월5동
양천구,정상영업,2012-05-31,,468.92,126.86870137750678,37.531931813294115,목5동
양천구,정상영업,2012-05-23,,263.0,126.83003443612202,37.54093961458588,신월5동
양천구,정상영업,1981-09-23,,3014.0,126.8634486182408,37.53915318236973,목동
양천구,정상영업,1988-09-19,,2247.0,126.83072487064968,37.522662349681696,신월동
양천구,정상영업,2002-08-09,,38258.0,126.87214469362013,37.526854337886995,목동
양천구,정상영업,2004-06-04,,24319.0,126.87319365653178,37.52937343183936,목동
양천구,정상영업,2008-10-16,,3143.65,126.86165896535778,37.508257298632635,신정동
양천구,정상영업,2011-09-15,,244.9,126.85972050102936,37.5450201252474,목3동
양천구,정상영업,2012-04-05,,496.0,126.87005901064146,37.53435918481243,목5동
양천구,정상영업,2012-04-10,,161.37,126.85786640291947,37.51505467065059,신정7동
양천구,정상영업,1976-06-16,,3636.42,126.8615949497547,37.549026147562856,목3동
양천구,정상영업,2011-05-20,,14074.76,126.86838176107469,37.52585374389694,목1동
양천구,정상영업,2011-06-30,,213.0,126.85010056322413,37.519168346692005,신정3동
양천구,정상영업,2020-05-26,,2734.89,126.86779786826425,37.54658809733543,목동
양천구,정상영업,2011-09-15,,346.0,126.86165896535778,37.508257298632635,신정동
강서구,정상영업,2017-03-30,,0.0,126.84367461196783,37.565061734612925,가양동
강서구,정상영업,2017-06-17,,0.0,126.82254030253313,37.568106712725175,마곡동
강서구,정상영업,2017-08-14,,0.0,126.8374737938264,37.568292018938706,마곡동
강서구,정상영업,2017-10-11,,0.0,126.84034159600628,37.569921993188736,가양동
강서구,정상영업,2018-07-30,,0.0,126.82071759382379,37.5626871355351,마곡동
강서구,정상영업,2011-10-05,,117.0,126.83637461270115,37.54234711550234,화곡3동
강서구,정상영업,2011-09-19,,34547.21,126.8374599201388,37.55996284067811,등촌3동
강서구,정상영업,2011-07-01,,236.0,126.83587822059751,37.541465054218655,화곡3동
강서구,정상영업,2005-08-26,,22173.0,126.85212554545743,37.558408290227604,등촌동
강서구,정상영업,2011-07-14,,1524.6,126.85607225141558,37.53306029387261,화곡4동
강서구,정상영업,2005-09-07,,5163.3,126.80903428919923,37.57197504890966,방화동
강서구,정상영업,2013-06-17,,3385.1,126.83252512760308,37.53910594252291,화곡1동
강서구,정상영업,2012-03-29,,847.4,126.81794776186352,37.571026813504474,방화1동
강서구,정상영업,2012-03-29,,461.2,126.83303085355816,37.54958237544495,내발산동
강서구,정상영업,2011-10-05,,162.4,126.84364821026128,37.53162221128459,화곡1동
강서구,정상영업,2011-10-04,,735.3,126.80483659023,37.571997621291,방화2동
강서구,정상영업,2008-10-31,,10037.0,126.84721520854421,37.564269154931594,가양동
강서구,정상영업,2009-03-05,,3378.74,126.83303085355816,37.54958237544495,내발산동
강서구,정상영업,2015-03-23,,286.2,126.86980051572594,37.55066327647958,염창동
강서구,정상영업,2006-05-19,,3563.0,126.86993323507168,37.54949337992982,염창동
강서구,정상영업,2012-04-10,,244.6,126.84642645812741,37.547496046404774,화곡동
강서구,정상영업,2011-01-18,,77670.0,126.80010176408638,37.565059576801474,방화2동
구로구,정상영업,2020-06-26,,49220.79,126.87994924558915,37.5011765059269,구로동
구로구,정상영업,1986-11-01,,10705.0,126.8578905453243,37.499808645261204,고척동
구로구,정상영업,1989-03-20,,,126.87409703583828,37.49587466546406,구로동
구로구,정상영업,1998-11-26,,0.0,126.86023695938383,37.49745622192136,고척동
구로구,정상영업,1998-05-12,,70845.0,126.87169585917579,37.50090411243628,구로동
구로구,정상영업,2007-08-13,,11914.0,126.88485358564999,37.50942084020815,신도림동
구로구,정상영업,1996-06-27,,27535.0,126.8766353166704,37.504195981613016,구로동
구로구,정상영업,1994-03-30,,4495.0,126.87244968323745,37.50623519064853,구로동
구로구,정상영업,1986-11-01,,10705.0,126.8578905453243,37.499808645261204,고척동
구로구,정상영업,1993-05-27,,3085.0,126.8482738387592,37.50201594188468,고척동
구로구,정상영업,1971-10-19,,6992.0,126.85991052151262,37.50380048758876,고척동
구로구,정상영업,1976-12-28,,2464.0,126.85055233027289,37.485969202481066,개봉동
구로구,정상영업,2007-09-27,,7337.0,126.88742908395564,37.506973877046,구로동
구로구,정상영업,2007-11-08,,15624.0,126.88122282104275,37.4998966372037,구로동
구로구,정상영업,1989-03-20,,2762.0,126.87409703583828,37.49587466546406,구로동
구로구,정상영업,2007-11-19,,45744.0,126.88742908395564,37.506973877046,구로동
구로구,정상영업,1999-07-27,,9927.72,126.89503180072796,37.484348870796644,구로동
구로구,정상영업,2012-04-20,,191.0,126.85267956387213,37.497690732385365,개봉1동
구로구,정상영업,2012-06-20,,228.69,126.86983261122901,37.49588111944704,구로1동
구로구,정상영업,2011-08-10,,38414.15,126.88600750573393,37.50858480716947,신도림동
구로구,정상영업,2011-09-19,,860.0,126.8510105033179,37.491679403269124,개봉동
구로구,정상영업,2012-04-20,,246.0,126.83683533808605,37.49150309601461,오류2동
구로구,정상영업,1993-01-15,,1582.0,126.85901460596742,37.49863934488717,고척동
구로구,정상영업,1998-01-14,,4881.0,126.87501708800603,37.50061894325031,구로동
구로구,정상영업,1998-11-26,,32678.39,126.86023695938383,37.49745622192136,고척동
금천구,정상영업,2019-04-10,,4288.0,126.89390934355701,37.46109415835403,독산동
금천구,정상영업,1982-01-14,,,126.89648742509353,37.45042188506926,시흥동
금천구,정상영업,1987-03-31,,0.0,126.90061949735194,37.43762539456518,시흥동
금천구,정상영업,1987-06-26,,,126.90054137384061,37.44398974644965,시흥동
금천구,정상영업,1994-03-14,,,126.89358223952107,37.46676773936562,독산동
금천구,정상영업,2002-06-18,,12561.0,126.89282297909608,37.470593760963844,독산동
금천구,정상영업,1977-12-10,,,126.89890534565646,37.45435942035305,시흥동
금천구,정상영업,2003-10-02,,29885.04,126.89400812314038,37.468684670437966,독산동
금천구,정상영업,2013-09-06,,24253.99,126.88420115343872,37.47818895226855,가산동
금천구,정상영업,2018-04-30,,31618.0,126.89434597482526,37.459972079415,독산동
금천구,정상영업,2015-12-29,,8815.59,126.88170007523915,37.47941840044647,가산동
금천구,정상영업,2017-12-05,,11464.0,126.8912864393136,37.45823976695184,독산동
금천구,정상영업,2004-10-02,,15648.38,126.894562625684,37.46940739565322,독산동
금천구,정상영업,2007-07-19,,4079.41,126.89852869216203,37.47806308043045,독산동
금천구,정상영업,2017-04-07,,98983.0,126.8987531766358,37.443331614663535,시흥동
금천구,정상영업,2008-10-24,,14972.0,126.89790710788863,37.451900348269454,시흥동
금천구,정상영업,2012-09-13,,32887.19,126.88212592546498,37.47845603927781,가산동
금천구,정상영업,2013-03-19,,25015.45,126.8861944340273,37.47758212249128,가산동
영등포구,정상영업,2001-12-03,,35687.74,126.89303405683052,37.518226989563225,문래동3가
영등포구,정상영업,2003-03-31,,10000.33,126.8920697719648,37.51712555875135,문래동3가
영등포구,정상영업,2005-11-11,,8724.73,126.8893889970486,37.52787285243379,양평동3가
영등포구,정상영업,2007-03-22,,6567.0,126.90390989519017,37.51989343043139,영등포동5가
영등포구,정상영업,1991-05-01,,53086.27,126.90448248903456,37.515923205497714,영등포동
영등포구,정상영업,1994-10-07,,,126.8893889970486,37.52787285243379,양평동3가
영등포구,정상영업,1968-02-20,,,126.88825396811379,37.52286708085378,양평동1가
영등포구,정상영업,1965-05-28,,,126.91469471391744,37.51107645360584,신길동
영등포구,정상영업,1984-08-23,,,126.89518555258363,37.495295733769574,대림동
영등포구,정상영업,1971-08-09,,,126.90277452990686,37.52059900725232,영등포동5가
영등포구,정상영업,1999-05-31,,41973.81,126.89106270727625,37.522475559088825,당산동2가
영등포구,정상영업,2001-06-20,,4447.16,126.89808151712035,37.53389581584955,당산동5가
영등포구,정상영업,2008-04-24,,9563.3,126.89708731654993,37.517603110303504,문래동3가
영등포구,정상영업,2008-05-07,,3536.87,126.92316362110948,37.5181723140552,여의도동
영등포구,정상영업,1994-08-26,,94319.57,126.9004509054287,37.517075435258,영등포동4가
영등포구,정상영업,2011-11-22,,1398.36,126.89296358724681,37.503312676766605,대림3동
영등포구,정상영업,2012-06-13,,37286.0,126.9224082596647,37.52497858431004,여의도동
영등포구,정상영업,2013-09-02,,3003.29,126.89518555258363,37.495295733769574,대림동
영등포구,정상영업,1982-12-15,,11893.83,126.90267283699534,37.51716962457022,영등포동4가
영등포구,정상영업,1982-04-22,,8838.98,126.9051784442376,37.496457403334404,대림1동
영등포구,정상영업,2011-06-30,,240.5,126.8978866987326,37.506751903834385,도림동
영등포구,정상영업,2011-10-02,,396.3,126.9066991401771,37.50614788519949,신길3동
영등포구,정상영업,2011-10-02,,248.2,126.9154725127276,37.514127617320604,신길동
영등포구,정상영업,2020-01-02,,84573.34,126.92540584589976,37.52605009514856,여의도동
영등포구,정상영업,2001-09-25,,12066.16,126.90177550330789,37.527807310393094,영등포동8가
영등포구,정상영업,2020-10-12,,3613.32,126.8833849892267,37.52339805671224,양평동1가
동작구,정상영업,1993-11-30,,0.0,126.92182175746925,37.507294675191844,대방동
동작구,정상영업,2011-07-13,,5051.61,126.95929819629448,37.50666622764779,흑석동
동작구,정상영업,2011-07-14,,304.1,126.93078121803092,37.49899825731782,상도4동
동작구,정상영업,2011-08-26,,978.3,126.96972094411112,37.484427834863276,사당3동
동작구,정상영업,1979-12-18,,6373.0,126.928873570412,37.49995803013298,상도동
동작구,정상영업,2011-10-04,,331.34,126.9266435715913,37.499905874408505,대방동
동작구,정상영업,2011-10-04,,2355.0,126.9775748840838,37.484432301094294,사당동
동작구,정상영업,2011-10-04,,280.0,126.94093422921023,37.50600447372585,상도동
동작구,정상영업,2012-01-31,,671.98,126.97305009380503,37.48963894924623,사당동
동작구,정상영업,2012-03-27,,292.5,126.92317180854724,37.51239755918732,대방동
동작구,정상영업,2012-04-24,,507.4,126.94688405004163,37.50716798498471,상도2동
동작구,정상영업,2012-04-24,,258.0,126.94068974650966,37.49682528303976,상도동
동작구,정상영업,2014-09-05,,251.33,126.94798329565249,37.49540970906215,상도동
관악구,정상영업,2014-01-23,,4379.68,126.93160716542059,37.470419040726775,대학동
관악구,정상영업,2015-07-09,,4096.65,126.95659470708141,37.48863871116258,봉천동
관악구,정상영업,1980-08-28,,1294.0,126.9629983111119,37.4744065301288,봉천동
관악구,정상영업,2011-10-19,,577.2,126.94446668087889,37.48615400651905,중앙동
관악구,정상영업,2011-10-26,,414.86,126.93876880804397,37.486271385615495,은천동
관악구,정상영업,1999-12-07,,3383.98,126.91508897288635,37.47432669142685,미성동
관악구,정상영업,2013-06-27,,14784.0,126.97952291186402,37.47147867224443,남현동
관악구,정상영업,2009-02-04,,16025.6,126.92728352870944,37.48383563940915,서원동
관악구,정상영업,1997-11-07,,21711.05,126.92216006717558,37.49053912268687,보라매동
관악구,정상영업,1970-12-03,,,126.93555635302005,37.485870014211045,봉천동
관악구,정상영업,2011-09-01,,529.0,126.9583429708376,37.47694575231155,봉천동
관악구,정상영업,2011-08-10,,1203.0,126.94624805137849,37.4792423665853,봉천동
관악구,정상영업,1971-12-22,,,126.93555635302005,37.485870014211045,봉천동
관악구,정상영업,1972-01-29,,1714.0,126.9436942339856,37.48662940626407,봉천동
관악구,정상영업,1975-12-26,,288.0,126.92723984361918,37.486953238290006,신림동
관악구,정상영업,1988-10-23,,7081.47,126.9522585310794,37.48361683535077,봉천동
관악구,정상영업,1992-08-26,,4600.89,126.95558328542833,37.49226628775629,봉천동
관악구,정상영업,1993-07-01,,2072.0,126.9295926131653,37.47510246261576,신림동
관악구,정상영업,2004-09-22,,6516.61,126.927196784873,37.484768788293245,신림동
관악구,정상영업,2006-08-25,,3608.51,126.94931727296684,37.48102571383148,봉천동
서초구,정상영업,2012-05-14,,15065.56,127.0044200384162,37.50939763598007,잠원동
서초구,정상영업,2012-05-18,,249.9,126.98275225865927,37.49690594716431,방배본동
서초구,정상영업,2007-07-20,,4950.0,126.98423467216513,37.50174539419189,반포동
서초구,정상영업,1980-08-02,,5408.0,127.02295706559242,37.49236753532716,서초2동
서초구,정상영업,2012-04-24,,1049.58,126.98641425506258,37.49126848946981,방배1동
서초구,정상영업,2012-05-14,,12595.0,127.00206043088538,37.50908927240978,잠원동
서초구,정상영업,2015-02-03,,12066.12,127.00287399682769,37.4903215121989,서초동
서초구,정상영업,1979-02-16,,4516.0,127.02328761905767,37.48908748767109,서초동
서초구,정상영업,1982-04-08,,56379.9,127.00417245550028,37.50551855046981,반포동
서초구,정상영업,2005-03-30,,9250.0,127.0341233654835,37.46339529692584,양재동
서초구,정상영업,2015-09-22,,64948.72,127.00073092406278,37.50436408414911,반포동
송파구,정상영업,1988-11-12,,72582.24,127.09504902014581,37.51128661020394,잠실동
강남구,정상영업,2018-08-03,,677.2,127.0204540515026,37.508044069690115,논현동
강남구,정상영업,2009-11-09,,223.0,127.04046438581285,37.48275980994232,도곡동
강남구,정상영업,1976-08-07,,2059.0,127.02550757303429,37.532285545644534,압구정동
강남구,정상영업,1985-07-08,,10250.0,127.03867930420202,37.52808056408535,압구정동
강남구,정상영업,1980-05-19,,0.0,127.05484588858795,37.52230499206427,청담동
강남구,정상영업,1985-02-06,,0.0,127.0543506990239,37.49083917890377,대치동
강남구,정상영업,1979-04-16,,0.0,127.05618639334672,37.493148512379896,대치동
강남구,정상영업,1984-05-25,,2105.31,127.06075585904853,37.501003786443505,대치동
강남구,정상영업,1994-06-15,,0.0,127.07232537748106,37.494184793318446,개포동
강남구,정상영업,1994-06-15,,0.0,127.07232537748106,37.494184793318446,개포동
강남구,정상영업,2000-06-16,,26532.0,127.05070373613019,37.497058146078736,대치동
강남구,정상영업,1988-10-19,,7940.0,127.05800282759333,37.509047782913875,삼성1동
강남구,정상영업,2000-05-01,,5683.94,127.0559292832903,37.51252113701132,삼성동
강남구,정상영업,2000-05-03,,80038.0,127.05830329817982,37.51039788212744,삼성동
강남구,정상영업,2003-01-28,,1255.0,127.02601456006106,37.52993389883703,압구정1동
강남구,정상영업,1988-05-13,,3014.31,127.05680991222943,37.49360623635136,대치동
강남구,정상영업,2006-10-24,,5174.0,127.04554957427717,37.4992173604236,역삼동
강남구,정상영업,2009-09-30,,3273.17,127.03513977915705,37.51845267486895,논현2동
강남구,정상영업,2005-08-29,,12645.92,127.04921217075393,37.48867257938049,도곡2동
강남구,정상영업,2010-12-30,,0.0,127.05051582852565,37.51038897479474,삼성2동
강남구,정상영업,2011-04-12,,3386.04,127.04076762973793,37.523393813425066,청담동
강남구,정상영업,2011-06-23,,0.0,127.02078377303586,37.509945465975676,논현1동
강남구,정상영업,1984-02-08,,11740.39,127.06445997119874,37.49339313964161,대치동
강남구,정상영업,1996-11-15,,12025.9,127.04554957427717,37.4992173604236,역삼동
강남구,정상영업,1974-11-10,,3062.7,127.017778587931,37.518771599991545,신사동
강남구,정상영업,1979-01-17,,0.0,127.03188711423971,37.51001849171442,논현동
강남구,정상영업,1987-02-02,,0.0,127.03240803387646,37.51907519734994,논현동
강남구,정상영업,1994-06-15,,0.0,127.08551511233682,37.49133726416906,일원동
강남구,정상영업,1997-06-30,,,127.02681352514342,37.49503902504843,역삼동
강남구,정상영업,1985-11-30,,37604.54,127.02458001785699,37.527334271863744,압구정동
강남구,정상영업,1988-10-10,,46111.46,127.0568284614639,37.5085952823213,삼성동
강남구,정상영업,1985-03-18,,15358.0,127.03716457720998,37.52856181218268,압구정동
강남구,정상영업,2012-07-26,,170.28,127.03400126891367,37.52805215269098,신사동
송파구,정상영업,2014-07-18,,4507.29,127.10054319254533,37.51310115736578,신천동
송파구,정상영업,2014-07-17,,52792.2,127.10054319254533,37.51310115736578,신천동
송파구,정상영업,2014-07-17,,31680.32,127.10054319254533,37.51310115736578,신천동
송파구,정상영업,2014-07-17,,6665.89,127.10054319254533,37.51310115736578,신천동
송파구,정상영업,1973-12-14,,3871.0,127.14770592269842,37.498299558502765,마천동
송파구,정상영업,1982-01-29,,7225.0,127.07025185246991,37.50686530367368,잠실동
송파구,정상영업,2011-09-05,,213.2,127.08889024675163,37.50767403477804,잠실4동
송파구,정상영업,1983-07-16,,2771.0,127.10466456495708,37.50148985905217,석촌동
송파구,정상영업,2009-05-11,,84471.0,127.11638509603343,37.47862640669859,문정동
송파구,정상영업,2009-05-11,,145244.54,127.12210616263066,37.47764865858779,문정동
송파구,정상영업,1998-03-17,,7961.0,127.14806820227393,37.495182676570366,마천동
송파구,정상영업,1978-03-28,,9815.0,127.09050659584084,37.51249589507681,잠실동
송파구,정상영업,2009-06-30,,3004.0,127.12476721107092,37.51016162958282,오금동
송파구,정상영업,1984-02-08,,5269.0,127.11164976629462,37.50506820039452,송파1동
송파구,정상영업,1997-02-18,,3719.38,127.12522783123327,37.495542909720015,가락2동
송파구,정상영업,2005-12-09,,13400.0,127.0978449860975,37.51445421068647,신천동
송파구,정상영업,2007-07-09,,13934.64,127.10014307157184,37.516256407274994,신천동
송파구,정상영업,2013-06-19,,3493.73,127.09504902014581,37.51128661020394,잠실3동
송파구,정상영업,1989-06-07,,10802.0,127.12932800768446,37.515826038692644,방이동
송파구,정상영업,1998-08-19,,20982.0,127.09504902014581,37.51128661020394,잠실동
송파구,정상영업,2005-02-24,,7383.45,127.09102860715147,37.5111038000225,잠실동
송파구,정상영업,2011-12-02,,835.0,127.14264590200564,37.49268985093888,거여2동
송파구,정상영업,2012-04-05,,105.5,127.09601499124226,37.50218709032996,석촌동
송파구,정상영업,2012-04-05,,1662.6,127.12476721107092,37.51016162958282,오금동
송파구,정상영업,2012-01-20,,326.92,127.1154084555041,37.49631278326434,가락동
송파구,정상영업,2012-03-30,,323.0,127.11532333599851,37.53343405545063,풍납동
송파구,정상영업,2020-01-29,,199.1,127.08696759867833,37.504235256014816,삼전동
송파구,정상영업,2020-07-24,,727.0,127.10433633410389,37.49751934168874,가락동
송파구,정상영업,2012-04-05,,693.0,127.11164976629462,37.50506820039452,송파2동
강동구,정상영업,2019-06-04,,719.46,127.15973577832081,37.55790598963783,고덕동
강동구,정상영업,2004-05-24,,4075.83,127.13182474628755,37.5269261364742,성내동
강동구,정상영업,2005-03-31,,9081.0,127.12265319534268,37.538644641666124,천호동
강동구,정상영업,2005-05-09,,5374.49,127.12522448263637,37.5415990557424,천호동
강동구,정상영업,2006-05-25,,17600.0,127.12299203254935,37.54127075136027,천호동
강동구,정상영업,2006-07-21,,3295.46,127.12505499398715,37.53553733501896,성내동
강동구,정상영업,2007-06-05,,3513.8,127.13458657064015,37.53605408861029,길동
강동구,정상영업,2008-11-07,,14176.0,127.13936069137564,37.545717810039456,천호동
강동구,정상영업,2010-05-06,,3620.92,127.14075254562476,37.54261223711797,길동
강동구,정상영업,2011-09-27,,1494.61,127.14134940107186,37.55137879063681,명일1동
강동구,정상영업,1999-04-12,,36175.0,127.12156755101074,37.53902615391662,천호동
강동구,정상영업,2002-11-20,,8659.0,127.1529525078341,37.5546728055704,명일동
강동구,정상영업,2011-10-07,,282.65,127.13348405853321,37.5385309583343,길동
강동구,정상영업,1992-05-02,,9484.37,127.1506058270846,37.55252019874318,명일동
강동구,정상영업,2011-09-27,,324.0,127.1322082806058,37.55237583187474,암사1동
강동구,정상영업,2011-09-27,,189.1,127.12444623152925,37.531215526677315,성내1동
강동구,정상영업,2011-09-27,,1056.33,127.14556894244788,37.553294743693655,명일동
강동구,정상영업,2011-10-07,,252.4,127.13762709982147,37.53836592667915,길동
강동구,정상영업,2011-10-07,,1649.43,127.11744358249761,37.528806112348015,성내1동
