주소,교차로명,위도,경도
강서구 화곡동 91-13 도,-,37.54426011008858,126.84394358353266
강서구 화곡동 1099-2대,-,37.55102498192706,126.84878660295526
강서구 화곡동 산4-5 공,-,37.552765333679396,126.84442838694613
강서구 등촌동 ,등촌주공7단지(경보),37.56119654490512,126.85336774727288
강서구 등촌동 636-40 도,등촌중,37.5527056814054,126.86097714738372
강서구 화곡동 1125-8도,-,37.55383955030366,126.85393893184593
강서구 화곡동 24-297 도,-,37.54422198830793,126.84614077965067
강서구 등촌동 666-95도,-,37.551143247865255,126.86515198014773
강서구 등촌동 709-1도,-,37.566162386854835,126.84279865660477
강서구 등촌동 687대,-,37.56604865683045,126.8429397422083
강서구 등촌동 1478대,-,37.56259024134326,126.85203076003125
강서구 등촌동 1482대,-,37.56037966958961,126.85619017899512
강서구 등촌동 1482대,-,37.55971914810673,126.85743327570506
강서구 등촌동 666-24도,-,37.557496147785166,126.85337167580532
강서구 등촌동 633-19대,-,37.550704299624265,126.86392670443523
강서구 등촌동 608-4도,등촌아이파크아파트,37.54398856120082,126.86198317872575
강서구 화곡동 733-23대,-,37.53338473956196,126.86353190321037
강서구 화곡동 1027-88대,-,37.54235708387185,126.83994491266884
강서구 등촌동 1488대,강서소방서(연등)2,37.5585176440345,126.85969458717877
강서구 등촌동 300-1 도,강서예가아파트,37.55498735644173,126.86568338831441
강서구 화곡동 453-21도,신정초교(연등),37.530809876227735,126.85143033698496
강서구 화곡동 453-4대,신정초교(연등),37.53092688143391,126.85139928181651
강서구 화곡동 453-3대,신정초교(연등),37.530859568274494,126.8512845115218
강서구 화곡동 452-14대,맥파이빌딩(연등),37.53081808504827,126.85058062031908
강서구 화곡동 453-16대,-,37.530991890197406,126.85194943464698
강서구 화곡동 392-7대,맥파이빌딩,37.5307377369953,126.84927142626478
강서구 화곡동 454-15대,신정초교,37.531027728037095,126.85272563858746
강서구 화곡동 453-18대,-,37.5308793296997,126.85199070333151
강서구 화곡동 392-6대,맥파이빌딩,37.5306714512673,126.84913851183099
강서구 화곡동 980-19대,-,37.549759850590654,126.85148632516365
강서구 화곡동 957-21대,-,37.54969719668021,126.85159267827507
강서구 등촌동 689-1대,-,37.560189993842094,126.84122366660375
강서구 등촌동 709-23도,-,37.56030786575076,126.84150025574057
강서구 등촌동 709-23도,-,37.56016480441561,126.84145415289385
강서구 등촌동 689-2대,-,37.559493662917504,126.84093596505353
강서구 등촌동 709-22도,NC백화점(경보)1,37.559380026517005,126.84135778904465
강서구 화곡동 943-25도,-,37.531836091700015,126.85136273704961
강서구 화곡동 450-8대,-,37.53188041895898,126.85142142486177
강서구 화곡동 451-1대,-,37.533408017941085,126.85123974885354
강서구 화곡동 482도,-,37.533447147394334,126.8512941147265
강서구 등촌동 666-78도,-,37.55388604219265,126.86029539213155
강서구 화곡동 1091-9 도,-,37.54182444541339,126.83161558928205
강서구 화곡동 657-3대,우장공원입구(연등)1,37.55399449170744,126.85112511883136
강서구 화곡동 1095대,-,37.55445393618547,126.85093896717623
강서구 화곡동 1095대,-,37.55453706083669,126.8508617707507
강서구 화곡동 1095대,-,37.55438617742457,126.85131399286288
강서구 화곡동 1095대,-,37.55454874849598,126.85099234429423
강서구 화곡동 131학,강서구청사거리,37.55563300059053,126.85142049528085
강서구 화곡동 342-102 도,화곡고가밑(경보),37.52865455578479,126.84824623242456
강서구 화곡동 342-102 도,화곡고가밑(경보),37.52875753788826,126.84826886986794
강서구 화곡동 391-61대,-,37.52812083587384,126.8485893780061
강서구 화곡동 663-11도,-,37.52816201818171,126.84833469408265
강서구 화곡동 391-52대,-,37.52827456014017,126.84914178219074
강서구 화곡동 391-60대,-,37.528177669378195,126.84895229112942
강서구 화곡동 1028-46대,화곡역,37.5418239315823,126.84030494344879
강서구 화곡동 1057대,화곡역,37.541570310023985,126.8402087320687
강서구 화곡동 342-1대,-,37.529184226057346,126.84802427998125
강서구 화곡동 24-297 도,화곡초교,37.5441950104873,126.84600991257697
강서구 화곡동 24-297 도,-,37.54410819830924,126.84611277791406
강서구 화곡동 409-28대,화곡터널남단(연등),37.5337100796678,126.84627663151755
강서구 화곡동 662-3도,-,37.53509728434658,126.85028370675727
강서구 등촌동 14-3대,마포고정문,37.559304322836645,126.85421966329825
강서구 등촌동 666-11도,-,37.55852871806662,126.85702752916897
강서구 등촌동 1483 학,-,37.55857235580941,126.85720951894635
강서구 등촌동 709-24도,-,37.56025362760609,126.84137300641363
강서구 등촌동 709-23도,NC백화점(경보)1,37.55948644305762,126.84124632651431
강서구 등촌동 709-22도,NC백화점(경보)1,37.559401017889584,126.84114156155823
강서구 화곡동 454-18대,신정초교,37.53098133125062,126.85284849351882
강서구 화곡동 454-19대,신정초교,37.53110098630136,126.85282261644998
강서구 화곡동 797-3 대,-,37.529633388901715,126.86054758584407
강서구 화곡동 949-2구,-,37.5298762160812,126.85813682959835
강서구 화곡동 946-2도,-,37.52980205966159,126.85830192295234
강서구 화곡동 839-5대,-,37.529343356140544,126.85841766273984
강서구 등촌동 1483 학,-,37.55845546819277,126.85722211908204
강서구 화곡동 949-5도,-,37.52895667778726,126.8508192046383
강서구 등촌동 634-3대,-,37.55163411541969,126.86363857408901
강서구 등촌동 ,-,37.563226110942324,126.85072756109982
강서구 등촌동 1478대,-,37.56355514580919,126.85016098706285
강서구 등촌동 451-7구,-,37.55753204266578,126.85888563475758
강서구 화곡동 791-10대,홍익병원,37.52988441803266,126.86375932572051
강서구 화곡동 791-7대,홍익병원,37.53009214447122,126.8636616190085
강서구 화곡동 722-6대,강서고교(연등)1,37.535599533939425,126.86334295306175
강서구 등촌동 721-4대,강서고교,37.536995531566646,126.8635257974266
강서구 화곡동 366-59대,강서동물병원,37.53229522669308,126.83939058604204
강서구 화곡동 668-10도,-,37.532309425320584,126.83922203026577
강서구 화곡동 369-55대,-,37.53286793614496,126.83904804122493
강서구 등촌동 634-3대,등촌역,37.551724390547015,126.86391090719698
강서구 등촌동 608-2도,-,37.550313897750364,126.86381248402319
강서구 등촌동 648-11대,-,37.54927504967534,126.86347003663903
강서구 등촌동 689대,-,37.55956109466292,126.83979586808128
강서구 등촌동 709-24도,-,37.560648359139705,126.83998069628575
강서구 등촌동 709-24도,-,37.560491120787276,126.84012835618434
강서구 등촌동 689대,-,37.5604129043891,126.8399106615512
강서구 등촌동 709-24도,-,37.560579459555086,126.83979658850375
강서구 등촌동 709-24도,-,37.55970019180085,126.83967449670301
강서구 등촌동 709-24도,-,37.55981492370774,126.83957436254114
강서구 등촌동 709-24도,-,37.561860197659826,126.84038004126953
강서구 등촌동 709-24도,-,37.5618064389838,126.84028417392243
강서구 등촌동 681대,-,37.56273166526975,126.84057096946142
강서구 화곡동 1120도,-,37.55258877092889,126.8532365993702
강서구 화곡동 1129-14도,등서초교,37.55245365038314,126.85439468275598
강서구 화곡동 산60-1공,-,37.546866103711196,126.8444565473665
강서구 화곡동 0-2 가,-,37.543346326450965,126.84500374280879
강서구 화곡동 0-2 가,-,37.543364458820015,126.84512669021447
강서구 화곡동 24-267대,-,37.54345660003077,126.84675834260561
강서구 화곡동 743-22대,-,37.5457706553335,126.84754327403593
강서구 화곡동 46-229도,-,37.54501988891889,126.84696923153595
강서구 화곡동 978-15 대,화곡동물병원(연등),37.54671533815248,126.8482797584852
강서구 화곡동 617-3구,-,37.53162380699692,126.83747830220551
강서구 화곡동 1089-4도,-,37.5479235204756,126.83554102455483
강서구 화곡동 1089-4도,-,37.547973949889794,126.8335149851571
강서구 화곡동 1003-10대,-,37.548099755918656,126.83779649828087
강서구 화곡동 351-70대,화곡7동주민센터,37.53253372589111,126.84214270439807
강서구 화곡동 949-3구,-,37.52951764007164,126.85524784102685
강서구 화곡동 662-13도,-,37.53245722566591,126.84096512391027
강서구 화곡동 949-8구,-,37.52836067826233,126.8427466572823
강서구 화곡동 1075-49대,한성빌딩,37.537553303669775,126.83987149113669
강서구 화곡동 366-65대,-,37.53236777376054,126.83946424741185
강서구 화곡동 366-66대,-,37.53241529215583,126.83931699033839
강서구 화곡동 377-62대,-,37.534668366354374,126.83552914641598
강서구 등촌동 613-2도,-,37.5493186506463,126.86087160010813
강서구 화곡동 662-19도,-,37.53798813670382,126.83702287188801
강서구 화곡동 662-19도,-,37.53802304859556,126.83687793129118
강서구 등촌동 687대,초원교회,37.56261413758026,126.84223219232473
강서구 등촌동 687대,초원교회,37.56271247689815,126.84235791958422
강서구 등촌동 688대,-,37.56225812703714,126.84203466310626
강서구 등촌동 690대,-,37.562219432876276,126.84216370932397
강서구 등촌동 709-23도,-,37.56217989912245,126.84209573240572
강서구 등촌동 687대,초원교회(연등),37.5611156427039,126.84175858915664
강서구 화곡동 1091-9 도,-,37.54181471998742,126.8312933256574
강서구 화곡동 산214공,-,37.55287381627346,126.84440206745803
강서구 화곡동 1091-8 도,-,37.54187268290934,126.83303435896542
강서구 화곡동 662-19도,나누리병원,37.537171219452866,126.83718484692653
강서구 화곡동 616-8도,-,37.53285320657058,126.83671239283784
강서구 화곡동 616-8도,-,37.53317622429042,126.83651232411626
강서구 화곡동 1089-7도,-,37.547966295663166,126.83750995844682
강서구 화곡동 산60-1공,-,37.54916233497836,126.84232475324158
강서구 화곡동 662-17도,-,37.53210376419645,126.83869122753715
강서구 등촌동 1498 장,-,37.563309744104075,126.84654149633677
강서구 등촌동 709-1도,-,37.56499874087408,126.84541588668289
강서구 등촌동 92-1 장,-,37.565467773695204,126.84425656310736
강서구 등촌동 709-1도,-,37.56550103428128,126.84437444693341
강서구 화곡동 662-4도,-,37.534292498339475,126.84791506586313
강서구 화곡동 662-4도,-,37.534219186201504,126.84769987914073
강서구 화곡동 662-3도,맥파이빌딩,37.53078511895747,126.84915243155321
강서구 등촌동 666-50도,-,37.555533898829026,126.8541105595387
강서구 등촌동 709-9도,-,37.562199653242345,126.85118562141662
강서구 등촌동 709-11도,-,37.56162477925434,126.85071081053385
강서구 등촌동 709-11도,-,37.5609065483451,126.85058176739666
강서구 등촌동 709-11도,-,37.56039175018586,126.85048211154765
강서구 화곡동 1106-2도,-,37.55614172410808,126.85102247232064
강서구 등촌동 666-28도,-,37.556750565980316,126.85547219693147
강서구 등촌동 666-28도,-,37.556808095930364,126.85526682632131
강서구 등촌동 666-31구,-,37.55672882953935,126.85530458126858
강서구 등촌동 451-4도,홈플러스강서점,37.55744163294734,126.85621218938455
강서구 등촌동 240-25 도,-,37.55362777717267,126.86368375276028
강서구 등촌동 666-84구,백석초교후문,37.5536737047046,126.86357088588039
강서구 등촌동 666-69 도,-,37.5538366226442,126.86344457009285
강서구 등촌동 666-81도,-,37.55391695505408,126.86353559480142
강서구 등촌동 666-72도,-,37.55426708687661,126.86355711027753
강서구 등촌동 666-72도,-,37.55445445076782,126.86352999259351
강서구 화곡동 665-11도,우장공원입구(연등)1,37.553888659923324,126.85138646841996
강서구 등촌동 448-1대,홈플러스강서점,37.557602069930056,126.85619921125141
강서구 등촌동 451-4도,-,37.55756139304958,126.85598825576643
강서구 등촌동 1481 대,-,37.560579157957136,126.85476297995947
강서구 등촌동 ,등촌주공7단지(경보),37.56114640293387,126.85318017522592
강서구 등촌동 ,등촌주공7단지(경보),37.56125476408609,126.85312773031474
강서구 화곡동 1116-8대,-,37.55302154087209,126.85138658747682
강서구 화곡동 1111-8도,-,37.55307195545457,126.85155379758221
강서구 화곡동 1120도,-,37.552922616108184,126.85147359937069
강서구 등촌동 1484학,강서구청별관입구,37.55937761732838,126.85800398197917
강서구 화곡동 산80-3임,-,37.543748469573494,126.8385482212128
강서구 등촌동 1490대,증미역,37.556612241098776,126.86320098462554
강서구 화곡동 18-5학,한국폴리텍대학입구,37.54635452461361,126.8452348722755
강서구 화곡동 73-105대,한국폴리텍대학입구(연등),37.54548127203696,126.8446766884456
강서구 화곡동 1099-5대,-,37.550499973183946,126.84870155171332
강서구 화곡동 980-20도,강서방송,37.54784441489235,126.84937380142287
강서구 화곡동 1120-10대,강서교회앞,37.54926347671056,126.85104494917881
강서구 화곡동 1002-8도,-,37.548656744078656,126.85034299688547
강서구 화곡동 1002-4도,-,37.549787015771024,126.85159213580071
강서구 화곡동 1118-16도,-,37.551649554652684,126.85270815483247
강서구 화곡동 1118-16도,-,37.55085736975322,126.85227801952173
강서구 등촌동 709-11도,-,37.559662898481875,126.85013273553055
강서구 등촌동 704대,-,37.55950301766352,126.85015883748429
강서구 등촌동 709-9도,-,37.55963145063599,126.84997484339853
강서구 등촌동 704대,-,37.55944405372194,126.84999931491198
강서구 등촌동 709-14도,-,37.55832901448929,126.84925435940517
강서구 등촌동 709-12도,-,37.55971021061051,126.85236780284856
강서구 등촌동 709-9도,-,37.558783369739785,126.85176699650819
강서구 등촌동 708 공,-,37.55882872337503,126.85188577335035
강서구 화곡동 98-158도,-,37.54256007731696,126.84387404780976
강서구 화곡동 98-60대,-,37.54247106056878,126.84385394041581
강서구 화곡동 98-238대,-,37.54255155718955,126.84372268432662
강서구 등촌동 709-10도,-,37.561806134827776,126.84878993483836
강서구 등촌동 15-7대,-,37.56065510280845,126.84833127750814
강서구 등촌동 703 공,-,37.56059942618989,126.84817773363093
강서구 등촌동 703 공,-,37.56052562443432,126.84836320279777
강서구 등촌동 709-9도,-,37.5604694705646,126.84820696203914
강서구 화곡동 787-7대,-,37.53150688738646,126.8636870066432
강서구 화곡동 656-20도,네오빌옆(경보),37.55322457683456,126.85357064384917
강서구 화곡동 111-147대,-,37.542499751297285,126.84196862910127
강서구 화곡동 111-24대,-,37.54232476452258,126.84216058744308
강서구 화곡동 1058-18대,-,37.54197233905594,126.84097484249841
강서구 화곡동 724-55도,태승훼미리아파트앞(경보),37.54761336729957,126.83324864177537
강서구 화곡동 716-5대,태승훼미리아파트앞(경보),37.547454162327895,126.83309758609552
강서구 화곡동 1089-6도,-,37.54750402098817,126.83619865524938
강서구 화곡동 945-3도,-,37.52867451578163,126.84722860445244
강서구 화곡동 947-3도,-,37.52849928006671,126.84724928453969
강서구 화곡동 949-7구,-,37.528530705175,126.84604142407312
강서구 화곡동 949-8구,-,37.528449689843306,126.84446791441415
강서구 등촌동 709-9도,-,37.562965148141686,126.84939024335986
강서구 등촌동 709-1도,-,37.56365132780718,126.8481877211591
강서구 등촌동 709-4도,-,37.56563536695479,126.84150277098657
강서구 등촌동 709-2도,-,37.566423933501305,126.84184565324377
강서구 등촌동 607-8도,-,37.55347483855992,126.85892307427737
강서구 등촌동 709-1도,-,37.566340384796675,126.84186498488134
강서구 등촌동 709-1도,-,37.56636598413613,126.84173426723046
강서구 등촌동 709-1도,-,37.56636816493249,126.84139985244181
강서구 등촌동 709-5도,-,37.564005455382976,126.84285952868305
강서구 등촌동 687대,초원교회,37.562831429170124,126.84230189651696
강서구 등촌동 687대,초원교회,37.562749282865624,126.84217221220842
강서구 화곡동 662-14도,신월초교,37.53878710646684,126.83927322476433
강서구 등촌동 709-3도,등촌주공근린공원,37.562939890603765,126.8407266447494
강서구 등촌동 709-4도,등촌주공근린공원,37.56301692908194,126.84085769111029
강서구 등촌동 683-2대,등촌주공근린공원,37.56314322190702,126.84077796274741
강서구 등촌동 683-2대,등촌주공근린공원,37.563058787327954,126.84065396815981
강서구 화곡동 662-8도,-,37.53268155160382,126.84400665772816
강서구 화곡동 662-14도,신월초교,37.538877297053624,126.8393301012938
강서구 화곡동 105-163도,-,37.539217375311495,126.84230629304452
강서구 화곡동 1060-35대,화곡SK현대주유소,37.540126261169924,126.8413659619658
강서구 화곡동 1061-33 대,-,37.540617568680986,126.84108564833878
강서구 화곡동 105-372대,-,37.541169071770796,126.84227743516789
강서구 화곡동 105-398대,-,37.540908379743165,126.84193658664633
강서구 등촌동 709-7도,-,37.561918204803035,126.8450786273687
강서구 등촌동 709-7도,-,37.562004671994636,126.84487780707785
강서구 등촌동 709-8도,-,37.56221865599991,126.84740405635432
강서구 등촌동 709-8도,-,37.5613477751184,126.84680463098944
강서구 등촌동 709-8도,-,37.56117764438598,126.84684138400802
강서구 등촌동 709-19도,-,37.55976999686402,126.84575029536869
강서구 등촌동 694대,-,37.559745428089634,126.84560172102863
강서구 등촌동 709-19도,-,37.55966287742989,126.84578051747734
강서구 등촌동 709-16도,-,37.559020073039925,126.84580386189744
강서구 등촌동 709-17도,-,37.558826956518985,126.8470179970227
강서구 등촌동 709-15도,-,37.55888201869647,126.84713643800934
강서구 등촌동 709-15도,-,37.5597711358157,126.84772134973585
강서구 등촌동 694대,-,37.55910610893939,126.845304093535
강서구 등촌동 694대,-,37.55900360267734,126.84540653553942
강서구 등촌동 694대,-,37.55890056464877,126.8451558619021
강서구 등촌동 695대,등촌동,37.55813916772176,126.84463426313772
강서구 등촌동 709-8도,-,37.561126480797974,126.84665438419202
강서구 등촌동 709-7도,-,37.56129638229204,126.84655399620331
강서구 등촌동 709-7도,-,37.56132710722009,126.84622699536175
강서구 등촌동 709-13도,-,37.56095805277526,126.84710285505304
강서구 등촌동 709-22도,등명중학교앞(경보),37.55913947737383,126.84373315668763
강서구 등촌동 709-22도,등명중학교앞(경보),37.55915949747543,126.84355630863239
강서구 등촌동 697-1대,-,37.560490160545505,126.84607940259264
강서구 등촌동 694대,등현초교(연등)2,37.56034078591865,126.84612985516974
강서구 등촌동 92-1 장,-,37.56508342656911,126.8439925991387
강서구 등촌동 704-1학,-,37.55829413039606,126.8491115565531
강서구 등촌동 709-1도,-,37.56628962147754,126.84177879062682
강서구 화곡동 1058-21대,-,37.54181595840859,126.84122235662628
강서구 화곡동 1131-3도,등서초교입구,37.552663346746044,126.85336471021195
강서구 화곡동 1081대,나누리병원,37.53736718010321,126.83700543164568
강서구 화곡동 18-5학,한국폴리텍대학입구,37.546557118276105,126.84518400368614
강서구 등촌동 694대,-,37.559004228511085,126.84506861116257
강서구 등촌동 709-6도,-,37.56205653601111,126.84504201740508
강서구 등촌동 709-19도,-,37.560396529009964,126.84629591268563
강서구 등촌동 507-10대,강서구의회앞,37.54666567386318,126.8626536944813
강서구 화곡동 707-3체,KBS스포츠월드,37.556604644248424,126.84982180255241
강서구 화곡동 707-3체,KBS스포츠월드,37.556646745596346,126.84970305076139
강서구 등촌동 655-18대,대림아파트,37.54255250956033,126.86273394819659
강서구 등촌동 324-89대,-,37.54119254383328,126.86348795626603
강서구 화곡동 705-6 대,-,37.557152574564135,126.8483330239323
강서구 등촌동 506-34대,영일고교,37.54782105746579,126.8630214284622
강서구 등촌동 510-15대,등촌아이파크아파트(연등),37.54547399479762,126.86227828228914
강서구 화곡동 709-13도,KBS스포츠월드,37.55672013931911,126.84949347215147
강서구 등촌동 666-69 도,백석초교후문,37.55370184140149,126.86367879409691
강서구 화곡동 1118-16도,-,37.551586278392364,126.85272477788229
강서구 화곡동 1118-16도,-,37.55160155381976,126.85262593485598
강서구 화곡동 1002-3도,-,37.5507945706516,126.85217922353267
강서구 화곡동 1118-16도,-,37.552042182354846,126.85298874843791
강서구 화곡동 1089-36도,-,37.541947104751806,126.83311356014511
강서구 화곡동 1145 대,-,37.553279799611985,126.84797791366104
강서구 화곡동 1001-1도,-,37.55267690082071,126.84601566510109
강서구 등촌동 1489대,-,37.557611990956346,126.86137141878041
강서구 화곡동 1112구,-,37.55458332469313,126.85341788105428
강서구 화곡동 1066-12대,다솔할인마트,37.53862553265287,126.83672651700594
강서구 화곡동 1075-47대,한성빌딩,37.53776787215144,126.83989451627032
강서구 등촌동 613-1도,-,37.54896329773467,126.8626621119195
강서구 화곡동 943-25도,-,37.532024925142586,126.85274160253319
강서구 화곡동 167-48대,-,37.53348106578973,126.85194845818856
강서구 등촌동 1481 대,마포고정문,37.55942999575186,126.85444277340602
강서구 등촌동 451-4도,-,37.55782050098749,126.85550639483316
강서구 등촌동 451-4도,-,37.55777183021493,126.85560704959723
강서구 등촌동 451-4도,홈플러스강서점앞(경보),37.55773182096102,126.85572044075515
강서구 등촌동 1490대,-,37.55687295827091,126.86275108658069
강서구 등촌동 666-3도,홈플러스강서점,37.55741938866213,126.85602295576464
강서구 화곡동 949-4도,-,37.52922635039806,126.85294029834155
강서구 화곡동 1102-1대,-,37.55327061716673,126.84908331631246
강서구 화곡동 1102-18도,-,37.553206758317565,126.84934783123778
강서구 화곡동 1102-18도,-,37.553162531873156,126.8494690926434
강서구 화곡동 1103-10도,-,37.55310553042824,126.85004477936909
강서구 화곡동 61-139대,-,37.542346906948,126.84623012250084
강서구 화곡동 61-139대,-,37.542288975899126,126.84628661173868
강서구 화곡동 61-139대,-,37.54234909589511,126.84630372730808
강서구 화곡동 46-229도,-,37.54365439922311,126.84667024706405
강서구 화곡동 46-229도,-,37.543649354967336,126.84679251807326
강서구 화곡동 1111-8도,-,37.553738126860004,126.85180639838566
강서구 화곡동 666-47도,유림빌딩앞(경보),37.553673675694164,126.85198082647557
강서구 등촌동 709-1도,-,37.56487014665099,126.84582748529289
강서구 등촌동 709-1도,-,37.565950231108026,126.84359960051016
강서구 등촌동 721-4대,강서고교,37.53690358092153,126.86336568788062
강서구 등촌동 713-11대,대일고교(연등),37.5379843259313,126.86345539366422
강서구 등촌동 819도,-,37.539683162327336,126.86359681657758
강서구 화곡동 640-6대,-,37.55479776580604,126.8551145972217
강서구 등촌동 607-8도,-,37.55364036668837,126.85843681645316
강서구 화곡동 95-94대,화곡시장,37.54367011141203,126.84311747311833
강서구 화곡동 38-12 임,-,37.540412208018076,126.84803794066612
강서구 화곡동 24-309 대,-,37.54071929781859,126.84780906784191
강서구 화곡동 산38-11 도,-,37.54108883982918,126.84755956382016
강서구 화곡동 61-139대,-,37.54161390846217,126.84695534200402
강서구 화곡동 709-11도,KBS스포츠월드,37.55683302546441,126.84941926479853
강서구 등촌동 709-24도,삼성생명,37.56053129989694,126.83994233341734
강서구 화곡동 91-13 도,-,37.544158804795515,126.84352319531637
강서구 등촌동 709-21도,등명중학교앞(경보),37.55922690895281,126.84365693178482
강서구 화곡동 105-163도,-,37.541828911785196,126.84282894488645
강서구 등촌동 709-25도,-,37.56088601592279,126.83998709475097
강서구 화곡동 산60-1공,-,37.546863050203385,126.84459448270398
강서구 화곡동 1089-29도,-,37.54045615332546,126.83825127303554
강서구 화곡동 1089-40도,-,37.54038078407807,126.83829975981129
강서구 화곡동 1089-29도,-,37.5404313880443,126.83831690127857
강서구 화곡동 1089-67도,-,37.53931190127776,126.83901522219733
강서구 화곡동 1089-67도,-,37.539255741671205,126.83897543621643
강서구 화곡동 1089-67도,-,37.53928012787225,126.83889055054038
강서구 화곡동 1089-67도,-,37.539339716751904,126.83892990835473
강서구 화곡동 662-14도,신월초교,37.53880606487293,126.83913871951653
강서구 화곡동 672도,신월초교,37.5389029189035,126.83920044410937
강서구 화곡동 662-14도,신월초교,37.53884607426719,126.8392387312685
강서구 화곡동 498도,-,37.53880088095488,126.85751521503539
강서구 화곡동 489도,-,37.53831585086507,126.85618392400787
강서구 화곡동 489도,-,37.53824730976498,126.85605250980984
강서구 화곡동 489도,-,37.53802230971852,126.85562079995063
강서구 화곡동 476-42학,-,37.53802025640846,126.85552967034958
강서구 화곡동 489도,-,37.53793784496055,126.85546839964002
강서구 화곡동 662-8도,-,37.53309627091194,126.84486629197083
강서구 화곡동 489도,-,37.537677072245,126.85499120963897
강서구 화곡동 616-7도,-,37.534794246677784,126.83553677076885
강서구 화곡동 616-7도,-,37.53491113560111,126.83582554654512
강서구 화곡동 616-7도,-,37.53374549968079,126.83619029268351
강서구 등촌동 704대,-,37.560995806649466,126.85048001761693
강서구 등촌동 704-1학,-,37.55779263564963,126.84892743680209
강서구 등촌동 709-14도,-,37.55917696114481,126.84988945454688
강서구 등촌동 666-86도,-,37.55312189958657,126.86653617632231
강서구 등촌동 666-86도,-,37.55298838483425,126.86644534718333
강서구 등촌동 666-81도,-,37.55365012105044,126.86347478896379
강서구 등촌동 666-71도,-,37.553989832535784,126.86290097250685
강서구 등촌동 645-15도,-,37.554208671586224,126.86236493812456
강서구 등촌동 666-67도,-,37.55465873673393,126.86159937684195
강서구 등촌동 666-67도,-,37.55462660084522,126.86151289609165
강서구 등촌동 666-67도,-,37.55472431130504,126.86147423202263
강서구 등촌동 666-67도,-,37.55511240383718,126.86054334869559
강서구 등촌동 644-2도,-,37.55495712902262,126.86082978470286
강서구 등촌동 666-79도,-,37.553709109866155,126.86083624497965
강서구 등촌동 666-79도,-,37.55369564948083,126.86073548074529
강서구 화곡동 1123도,-,37.552495238162784,126.85324017919463
강서구 화곡동 1118-16도,-,37.550968295699825,126.85239605971243
강서구 화곡동 1129-14도,-,37.55195611191366,126.85562916057029
강서구 화곡동 1106-2도,우장공원입구,37.55310555697961,126.85094780452074
강서구 화곡동 675 대,-,37.55079667619524,126.83696295582102
강서구 등촌동 709-10도,-,37.561222529815524,126.84866474078495
강서구 등촌동 658-4대,-,37.55671719856641,126.85213026674627
강서구 화곡동 98-158도,-,37.5424282922242,126.84369200731498
강서구 화곡동 24-297 도,-,37.54263327246767,126.84592801400231
강서구 화곡동 산86-18임,-,37.54796966872472,126.84051018496862
강서구 화곡동 1089-67도,-,37.53913643605545,126.83853835429888
강서구 화곡동 351-83도,-,37.53249891278203,126.84227736725389
강서구 화곡동 24-309 대,-,37.54071257384028,126.8478789260275
강서구 화곡동 산38-9임,-,37.54078694009744,126.84791302793127
강서구 화곡동 24-309 대,-,37.54080456382808,126.84782195721857
강서구 화곡동 102-2도,-,37.540186511190484,126.84640908053528
강서구 화곡동 102-2도,-,37.540105708689374,126.84638220357049
강서구 화곡동 102-2도,-,37.54012271992505,126.8462550955087
강서구 화곡동 102-2도,-,37.54021568167144,126.84627922874694
강서구 화곡동 102-11대,-,37.540371772780006,126.84621813986134
강서구 화곡동 98-96대,-,37.5407152464939,126.84575448971978
강서구 화곡동 98-96대,-,37.54071346580206,126.84566466237591
강서구 화곡동 100-16대,-,37.540789600641645,126.84576492172931
강서구 화곡동 98-96대,-,37.54139551189771,126.84502462645501
강서구 화곡동 98-96대,-,37.54139095565642,126.84492472219654
강서구 화곡동 98-96대,-,37.54192516275205,126.84434661219554
강서구 화곡동 1123-36도,-,37.552463274773324,126.85310168967524
강서구 화곡동 1114-33도,-,37.55277807218581,126.85332896515074
강서구 등촌동 709-9도,-,37.56228578352334,126.85100437340847
강서구 화곡동 391-36 도,화곡고가밑(경보),37.528699389400145,126.84873031603125
강서구 화곡동 ,-,37.52888021508542,126.8494353174862
강서구 화곡동 ,-,37.54168766960402,126.84463621091132
강서구 화곡동 1120도,-,37.552980382841326,126.85162611225412
강서구 화곡동 ,-,37.54164300495374,126.85111142155068
강서구 화곡동 1120도,-,37.55269315229316,126.853203429229
강서구 등촌동 709-1도,-,37.56453884341477,126.84636053651388
강서구 화곡동 391-1대,-,37.529205400785756,126.84835739014359
강서구 등촌동 30-10 대,-,37.56411653688976,126.84720908280205
강서구 등촌동 709-9도,-,37.56353091169237,126.84843280534731
강서구 등촌동 709-8도,-,37.563500779079526,126.84824876836167
강서구 등촌동 709-9도,-,37.56229371505016,126.85113788606232
강서구 등촌동 709-1도,-,37.56410245758624,126.84710073811159
강서구 화곡동 ,-,37.5420346835203,126.8523684519732
강서구 화곡동 ,-,37.54165648903996,126.85097419399199
강서구 화곡동 ,-,37.55284327584708,126.8520880025719
강서구 등촌동 709-9도,-,37.5630061823395,126.84951598616277
강서구 화곡동 ,-,37.54207531512429,126.85267197217834
강서구 등촌동 709-11도,-,37.5621622247764,126.85104302042095
강서구 등촌동 78-7 대,-,37.558270867753166,126.85384476126768
강서구 등촌동 709-8도,-,37.56368298228165,126.84836969422805
강서구 화곡동 ,-,37.55275084141625,126.85265730687745
강서구 화곡동 946-8도,-,37.52848178903796,126.84889558948966
강서구 화곡동 391-45대,화곡고가밑(경보),37.528773664478585,126.84860062282529
강서구 등촌동 608-1도,등촌역,37.551109298720846,126.86407367555745
강서구 화곡동 24-264도,-,37.54408888436859,126.84598583051297
강서구 화곡동 616-7도,-,37.53497454122859,126.83597889567736
강서구 화곡동 1096-10대,강서구청(연등)1,37.55201987067591,126.8500023047715
강서구 화곡동 1096-21대,강서구청(연등)1,37.552118739624184,126.84973559478784
강서구 화곡동 945-3도,-,37.52861868485729,126.84587476164154
강서구 화곡동 343-64대,일성스카이빌(경보),37.528438542171635,126.84587819236049
강서구 등촌동 632-5대,-,37.55246471479976,126.8638001013747
강서구 화곡동 105-372대,-,37.54108177426491,126.84213162593747
강서구 등촌동 709-17도,-,37.55882103057748,126.84772167492581
강서구 등촌동 630-12대,-,37.5580088831351,126.86057228358061
강서구 등촌동 695대,등촌동,37.558049467858766,126.84417880327352
강서구 화곡동 662-5도,-,37.532055369783336,126.84656040451814
강서구 등촌동 509-1대,-,37.54653255727836,126.86276848636788
강서구 등촌동 324-149대,목동월드파크빌,37.54075466786937,126.86364097559658
강서구 등촌동 707-4학,KBS스포츠월드,37.556800749406136,126.85020143928602
강서구 화곡동 707-4학,KBS스포츠월드,37.55663006019348,126.8501117705994
강서구 등촌동 634-3대,-,37.55175189338177,126.86294829069627
강서구 등촌동 695대,등촌동,37.55801481840269,126.844825581001
강서구 등촌동 707-3체,KBS스포츠월드,37.55697981875948,126.84950031066677
강서구 등촌동 666-72도,-,37.555244418818916,126.86340298513657
강서구 등촌동 666-57도,-,37.5557812700665,126.86309416878576
강서구 등촌동 1490대,증미역(연등)2,37.55589276090118,126.863182075568
강서구 등촌동 1490대,증미역,37.55671666073414,126.86303731881303
강서구 등촌동 691-1대,-,37.561858611521735,126.84491283531344
강서구 등촌동 691-1대,-,37.561009045269344,126.84434037984612
강서구 등촌동 709-21도,등명초교앞(경보),37.55986278239166,126.8438587700596
강서구 등촌동 451-10도,-,37.55707355085195,126.85977921060113
강서구 화곡동 53-10대,-,37.54270927576071,126.84688460912437
강서구 화곡동 59-6도,-,37.542673618865784,126.84676566007215
강서구 등촌동 82-1학,강서구청사거리(연등),37.557103872921104,126.8530004683505
강서구 화곡동 59-6도,-,37.542757010443054,126.84682261321015
강서구 화곡동 1096-6도,강서구청,37.55218325027444,126.84996459599822
강서구 화곡동 1103-3대,강서구청(연등)3,37.55002021843674,126.84810384926578
강서구 화곡동 162-7대,-,37.531927806737016,126.85184835237519
강서구 화곡동 1082-12대,나누리병원,37.537127579824684,126.8368946521563
강서구 화곡동 1106-2도,우장공원입구,37.55330522609664,126.8509093697686
강서구 화곡동 662-17도,강서동물병원,37.53235695666635,126.83934881553566
강서구 화곡동 1057-5대,화곡역,37.54173319328406,126.84070295262066
강서구 화곡동 1106-1도,우장공원입구,37.55296882137222,126.8506416127938
강서구 화곡동 105-163도,화곡터널북단,37.53883826494085,126.8423855891123
강서구 화곡동 1080학,-,37.53744103468076,126.83846080552361
강서구 등촌동 644-3대,대림아파트,37.542455134798765,126.86294724668896
강서구 등촌동 636-48대,등촌중,37.55279336368457,126.86103802272379
강서구 등촌동 666-90도,영일고교(연등),37.54882221742878,126.86332051378572
강서구 화곡동 산60-1공,우장산휴먼빌아파트,37.54737533550025,126.84338933074534
강서구 화곡동 산86-16임,-,37.547970514119804,126.8409736606951
강서구 화곡동 1159 대,-,37.54545501350453,126.84025324497699
강서구 화곡동 1159-4 대,-,37.54537458349391,126.84104970507663
강서구 등촌동 636-48대,등촌중,37.552885989721254,126.86110469321783
강서구 등촌동 691-2학,-,37.55998846106876,126.84397503722579
강서구 화곡동 1089-3도,우장산역(연등),37.5494899438389,126.83633268863062
강서구 등촌동 633-17대,등촌역,37.551288492781836,126.86439050553726
강서구 화곡동 640-4대,하이웨이주유소,37.55492192563447,126.85463442532604
강서구 화곡동 1106-1도,우장공원입구(연등)2,37.55472841704421,126.85169056119008
강서구 화곡동 95-27대,화곡시장,37.543678643924785,126.84331262514107
강서구 화곡동 1080학,-,37.53726530381277,126.83849464092151
강서구 화곡동 1098-22도,강서구청(연등)1,37.55112405717595,126.8490544282125
강서구 화곡동 산60-1공,-,37.547934771618266,126.84238461843292
강서구 화곡동 산60-1공,우장산휴먼빌아파트,37.54745267685678,126.84337214493472
강서구 화곡동 1089-8도,-,37.54796809601366,126.83806475143084
강서구 화곡동 1089-7도,-,37.547845639964244,126.83700137695237
강서구 등촌동 78-7 대,-,37.55835657358771,126.85391840785503
강서구 화곡동 995-3대,우장초교,37.54878444149765,126.84703576625535
강서구 화곡동 662-15도,화곡대림아파트,37.53456880444441,126.83801035153525
강서구 화곡동 379-79대,청솔빌딩,37.535594333619954,126.8374154727172
강서구 등촌동 688대,-,37.55947499698704,126.83984826068576
강서구 등촌동 704-1학,예원교회교육관(경보),37.55820826131264,126.84916063094468
강서구 등촌동 704-1학,-,37.55762543300346,126.84945634817554
강서구 등촌동 704-1학,예원교회교육관(경보),37.558205901163035,126.84928214221189
강서구 등촌동 704-1학,-,37.55785671547911,126.848960941711
강서구 등촌동 707-4학,-,37.557248136147955,126.8508499036609
강서구 화곡동 1096-31대,-,37.55197864488443,126.84961423772819
강서구 등촌동 704-1학,-,37.557722044563796,126.84946907066366
강서구 등촌동 704-1학,-,37.5578290977779,126.84902635326583
강서구 화곡동 369-33대,-,37.53352274936903,126.83865403500604
강서구 화곡동 368-31대,화곡대림아파트,37.53438668039817,126.83812169459297
강서구 등촌동 709-11도,-,37.55761022328848,126.84964541191292
강서구 등촌동 707대,-,37.55750863231524,126.85007928568427
강서구 등촌동 20-85대,삼성한마음아파트,37.55424102393475,126.86718976026957
강서구 등촌동 20-94대,삼성한마음아파트,37.55409547185675,126.8672248222006
강서구 화곡동 1098-14대,-,37.55115750940516,126.84925702010209
강서구 등촌동 697-1대,-,37.558017127527194,126.84537438294021
강서구 등촌동 709-9도,-,37.55814971522521,126.85341933645941
강서구 등촌동 707-4학,-,37.55653482114072,126.851220603834
강서구 화곡동 943-23도,화곡2치안센터,37.53121538232656,126.85371892556982
강서구 화곡동 산80-3임,유광사여성병원,37.543263535266725,126.83884082573992
강서구 화곡동 1089-8도,-,37.545248308376735,126.83716085450503
강서구 화곡동 1159 대,은성교회,37.54582730841203,126.83662132635541
강서구 화곡동 354-127대,화곡1동주민센터앞,37.530239094217826,126.84127151531015
강서구 화곡동 340-45대,기룡빌딩앞(연등),37.53050429132963,126.84555727087114
강서구 화곡동 826도,인권빌딩,37.534248796699586,126.86360307824177
강서구 화곡동 354-37대,-,37.530180345615136,126.84030699753463
강서구 화곡동 1089-26도,서울큰나무병원,37.54431046240099,126.83763632185652
강서구 화곡동 산86-12임,서울큰나무병원,37.54428991078365,126.83799888422985
강서구 화곡동 1057-18대,화곡역,37.541503490670706,126.84052043063043
강서구 화곡동 산81-7임,서울큰나무병원,37.54445848864772,126.83768211167542
강서구 화곡동 산80-3임,유광사여성병원,37.543259065232206,126.83902648794606
강서구 화곡동 1159 대,은성교회,37.545914297941344,126.83642651203665
강서구 화곡동 1159 대,은성교회,37.54614076406545,126.83650504792378
강서구 화곡동 1159 대,우장산역,37.547774690232814,126.8363657031174
강서구 화곡동 1089-7도,우장산역,37.54796536083395,126.83665819502038
강서구 화곡동 707 학,우장산역,37.54815008695069,126.8363733581907
강서구 화곡동 1031-12대,신월초교입구(연등),37.54088421120514,126.83805920425053
강서구 화곡동 662-8도,기룡빌딩앞,37.53041180904577,126.84409957170946
강서구 화곡동 812-8대,경인빌딩(연등),37.53183463568766,126.85911847295611
강서구 화곡동 662-17도,곰달래사거리,37.52995860174749,126.8384008222521
강서구 화곡동 353-81대,화곡1동주민센터앞(연등),37.53030362183027,126.84232874183729
강서구 화곡동 355-48 도,곰달래사거리,37.530055012272605,126.83845815171915
강서구 화곡동 159-51 도,화곡사거리,37.530642841232904,126.84772275092811
강서구 화곡동 784-41대,목동사거리,37.532278371203724,126.86376567438975
강서구 등촌동 822도,대일고교,37.53927201459384,126.86357158806585
강서구 화곡동 785-1대,목동사거리,37.532532220748465,126.86374462587341
강서구 화곡동 825도,강서고교(연등)2,37.53525340311935,126.8635153509474
강서구 화곡동 1089-25도,-,37.54081916744597,126.8368689033986
강서구 화곡동 1035-19대,신월초교입구,37.54036354783159,126.83631188456289
강서구 등촌동 632-5대,-,37.55237574756482,126.86372656406333
강서구 화곡동 ,우장산역,37.547977540129445,126.83616233458869
강서구 화곡동 868-32대,화곡2치안센터,37.531088484735655,126.85368797565273
강서구 화곡동 1094-1대,우장공원입구,37.55312474874484,126.85057922450004
강서구 화곡동 1155 대,화곡터널남단,37.53339673055178,126.84551063308028
강서구 화곡동 990-4대,-,37.54854753380026,126.84659602284266
강서구 화곡동 826도,인권빌딩,37.534472932319765,126.86343182134952
강서구 화곡동 640-2대,-,37.555174258209085,126.85390085376291
강서구 등촌동 639-23 대,하이웨이주유소,37.55507627538461,126.85507505769988
강서구 등촌동 639-11 대,하이웨이주유소,37.55519766259555,126.85465334815662
강서구 화곡동 791-8대,홍익병원,37.53005727452829,126.86396453514173
강서구 화곡동 822-15대,강서도시가스,37.531501296132284,126.85647028796674
강서구 화곡동 867-54 대,화곡2치안센터(연등),37.53130692935677,126.85494407533109
강서구 화곡동 943-23도,화곡2치안센터(연등),37.53123811043195,126.85485977951973
강서구 화곡동 867-53 대,화곡2치안센터(연등),37.531357637615415,126.85483537980673
강서구 화곡동 868-32대,화곡2치안센터,37.53116719240979,126.85382521961128
강서구 등촌동 709도,-,37.559198640823304,126.8386285797747
강서구 등촌동 709도,발산역,37.55876230800461,126.83832001521188
강서구 등촌동 1490대,-,37.55622467152271,126.86303773663727
강서구 화곡동 1037-31대,강서교육지원청입구,37.53995610028226,126.83414235014008
강서구 화곡동 1035-16 대,신월초교입구,37.54046725031915,126.83606738236813
강서구 화곡동 1038-15 대,강서교육지원청입구,37.5400366896995,126.83398511305768
강서구 화곡동 784-1대,목동사거리,37.53237893055607,126.86353582122622
강서구 화곡동 783-4대,-,37.53225214373097,126.8630424348489
강서구 화곡동 773-8대,제일정형외과앞,37.53212203403359,126.8619231720091
강서구 화곡동 773-8대,제일정형외과앞,37.532242151539144,126.86191675051278
강서구 화곡동 773-10대,제일정형외과앞,37.53216736429965,126.86182519372747
강서구 등촌동 82-1학,강서구청사거리,37.55615524546575,126.85248298369329
강서구 등촌동 78-17도,강서구청사거리,37.556227623648134,126.85311006183622
강서구 등촌동 82-1학,-,37.55659631525444,126.85206208903195
강서구 화곡동 145-6도,강서구청사거리,37.555271008203334,126.85266275174033
강서구 화곡동 82-1학,강서구청사거리,37.55584698086412,126.85259509381052
강서구 화곡동 82-1학,강서구청사거리,37.55601329427829,126.8521340274725
강서구 화곡동 129도,강서구청사거리,37.55570874378919,126.85224914002667
강서구 화곡동 1056-6대,-,37.54133088081546,126.83970392423328
강서구 화곡동 1089-32도,화곡역,37.541749600739074,126.84003254345038
강서구 화곡동 1060-21대,화곡SK현대주유소,37.54039067387345,126.8416007930786
강서구 화곡동 827-21대,화곡부성약국,37.53162930973065,126.85797096126781
강서구 화곡동 943-13 도,화곡부성약국,37.53174458465475,126.85795039888146
강서구 화곡동 827-34대,화곡부성약국,37.53170398871484,126.85805563292915
강서구 등촌동 1481 대,가양역,37.56080768349976,126.85507681116283
강서구 화곡동 809-3 대,경인빌딩,37.53196913297657,126.86021757897697
강서구 화곡동 809-3 대,경인빌딩,37.53201689474765,126.86011073163765
강서구 등촌동 1490대,-,37.556239789448135,126.86321126211278
강서구 화곡동 1038-9대,강서교육지원청입구,37.53998237677202,126.83375901496854
강서구 화곡동 1089-37도,강서교육지원청입구,37.53974726745413,126.83383172124584
강서구 등촌동 709 도,대륭드림타운,37.56666970480356,126.84087388741352
강서구 화곡동 1060-30 대,화곡SK현대주유소,37.54036624523141,126.84143509427813
강서구 화곡동 105-94대,화곡터널북단,37.53853550945809,126.8423020014407
강서구 화곡동 1077-1대,한성빌딩,37.53744521604551,126.84007573542611
강서구 등촌동 31전,-,37.56468772140094,126.84801996207008
강서구 화곡동 1057-6대,화곡역,37.54158962556092,126.84077827024967
강서구 화곡동 339-24 도,화곡사거리,37.53079143871578,126.84732302714008
강서구 등촌동 709도,발산역,37.55864909734384,126.83848293751441
강서구 등촌동 709도,발산역,37.55876361410136,126.83854136455818
강서구 화곡동 989-11대,-,37.54842048670852,126.84647639589677
강서구 화곡동 989-11대,-,37.54836728723811,126.846475155106
강서구 등촌동 1478대,"가양3,5단지",37.56275082408541,126.85155310962365
강서구 등촌동 29-2답,공진중학교,37.564202740369645,126.84872273884457
강서구 등촌동 29-2답,-,37.56402968433727,126.84926459645438
강서구 화곡동 1089-29도,신월초교입구(연등),37.540940662230724,126.83780952850195
강서구 화곡동 664-31 도,화곡터널남단,37.53358542721995,126.8456275394664
강서구 화곡동 1155 대,화곡터널남단,37.5335452440346,126.84584634700806
강서구 화곡동 664-31 도,화곡터널남단,37.53334990843254,126.84577181018545
강서구 화곡동 333-34 대,-,37.53316172414468,126.8457331961102
강서구 화곡동 333-30대,-,37.532794068061946,126.84595342423826
강서구 화곡동 333-8대,-,37.532462960577796,126.84614860737582
강서구 화곡동 664-31 도,-,37.53256268046864,126.84642382246254
강서구 화곡동 339-10대,-,37.5320925129067,126.84637821164887
강서구 화곡동 339-12대,-,37.53174056210159,126.84660201539813
강서구 화곡동 340-8대,-,37.53130595080753,126.84686296911634
강서구 화곡동 339-24 도,-,37.531398584359614,126.84711928121831
강서구 화곡동 677-16대,내발산초교앞,37.550709655327935,126.83636255169422
강서구 화곡동 677-26대,내발산초교앞,37.55079245523301,126.83650504067731
강서구 화곡동 783-2대,-,37.532378255020774,126.8630404338198
강서구 화곡동 1049-19대,-,37.53937413998886,126.83654971865685
강서구 화곡동 1049-19대,-,37.53946859275464,126.83658567137869
강서구 화곡동 1089-38도,-,37.539425472278104,126.83648013918614
강서구 화곡동 1049-19대,-,37.53951043877057,126.83651727976978
강서구 등촌동 448-1대,-,37.55791982549142,126.85641151640631
강서구 화곡동 340-29대,화곡사거리,37.53061449638011,126.84719256752003
강서구 화곡동 341-16대,화곡사거리,37.530452807651415,126.84752193864976
강서구 화곡동 159-51 도,-,37.53021379150142,126.84780376873869
강서구 화곡동 392-62대,화곡사거리(연등),37.5297544105874,126.84805736555954
강서구 화곡동 341-11대,화곡사거리(연등),37.5297123406534,126.84774855567932
강서구 화곡동 341-10대,화곡사거리(연등),37.52961715940044,126.84795981010383
강서구 화곡동 1060-20대,-,37.540596109393746,126.84143075203288
강서구 등촌동 1481 대,-,37.561995841605,126.85310143077875
강서구 등촌동 1481 대,-,37.562044520083965,126.85299835020803
강서구 화곡동 1089-45도,화곡SK현대주유소,37.54010251195323,126.84161883262597
강서구 화곡동 111-77도,-,37.54296848823263,126.84284039194195
강서구 화곡동 95-82대,-,37.54300969501725,126.84251025546406
강서구 화곡동 1083-18대,나누리병원,37.53696640346344,126.8370974696493
강서구 화곡동 861-15 도,-,37.52883755167954,126.85434230196027
강서구 화곡동 666-47도,유림빌딩앞(경보),37.55363705814884,126.85185984723118
강서구 등촌동 1490대,증미역(연등)2,37.55563792144699,126.86331161018303
강서구 화곡동 1096-18대,강서구청,37.55161405989828,126.84964979737474
강서구 등촌동 54-1도,-,37.56281264922675,126.84575957629208
강서구 등촌동 82-1학,강서구청사거리(연등),37.55698551130103,126.85274012082415
강서구 등촌동 78-17도,강서구청사거리,37.55625387769754,126.85320102471928
강서구 화곡동 353-88대,화곡1동주민센터앞(연등),37.53038191760311,126.84246179982654
강서구 등촌동 707-4학,-,37.55673580014079,126.85058045420675
강서구 화곡동 131학,강서구청사거리,37.55558240191505,126.85148931807944
강서구 화곡동 996-12대,-,37.54937825076967,126.84736596868356
강서구 화곡동 666-24도,강서구청사거리,37.55520764900662,126.85269693010333
강서구 화곡동 131학,강서구청사거리,37.55561445532789,126.85157241042842
강서구 화곡동 639-29 도,하이웨이주유소,37.55505161471266,126.85456757236548
강서구 화곡동 639-27 도,하이웨이주유소,37.554930578647884,126.85499556752032
강서구 화곡동 984-4대,-,37.547135755840486,126.84554108105934
강서구 등촌동 477도,등원초교후문앞(경보),37.56032675929747,126.85039233424942
강서구 등촌동 1490대,-,37.5553219905043,126.86320765567314
강서구 등촌동 702대,-,37.55986268970632,126.84773245888923
강서구 화곡동 409-77대,시온기독교신학원(경보),37.53432215620562,126.84778734931898
강서구 화곡동 409-77대,시온기독교신학원(경보),37.534216706595984,126.84785268904082
강서구 등촌동 707대,-,37.55866971275201,126.85184322393768
강서구 화곡동 377-26대,월정초교,37.53484893591585,126.83541217646115
강서구 등촌동 167-1대,등촌1-10단지,37.56323364366093,126.83957982025181
강서구 등촌동 709도,등촌1-10단지,37.56319930150482,126.83996863742588
강서구 등촌동 709도,등촌1-10단지,37.56334531156853,126.83980595675068
강서구 등촌동 709도,등촌1-10단지,37.563095693053974,126.83971214470608
강서구 등촌동 709도,-,37.56195868438555,126.83953784393326
강서구 등촌동 709도,그랜드마트,37.559824707604925,126.83866343725332
강서구 등촌동 709도,그랜드마트,37.559673641858296,126.83884281961036
강서구 등촌동 17-9도,-,37.561303030105336,126.84863197471175
강서구 등촌동 242-4대,-,37.552643906296446,126.86618499854488
강서구 등촌동 1458-12도,양천향교역,37.568210623044216,126.84122269950662
강서구 등촌동 709도,팬코,37.560703052245884,126.83919406009583
강서구 등촌동 709도,팬코,37.560640073863745,126.83892014728292
강서구 등촌동 709도,팬코,37.56087456532451,126.83899458781715
강서구 등촌동 18-24대,-,37.56174729359944,126.84872235620526
강서구 등촌동 145-3 도,-,37.56743725640416,126.84120821848718
강서구 등촌동 1496 대,대륭드림타운,37.56652011693113,126.84102873692613
강서구 등촌동 150-34 도,대륭드림타운,37.5665497212609,126.84066408256466
강서구 등촌동 150-34 도,-,37.566297118879085,126.84059981568666
강서구 등촌동 150-11 대,-,37.56579661083443,126.84076861446813
강서구 등촌동 709도,강서우체국,37.56494893872621,126.84033088003335
강서구 등촌동 695대,-,37.55856938047563,126.84505192036329
강서구 등촌동 709-13도,등촌주공602동,37.560564235859765,126.8482703396892
강서구 등촌동 702대,-,37.55954153317777,126.84765324517352
강서구 등촌동 690대,등명중학교앞(경보),37.55908943470524,126.84363903795901
강서구 등촌동 1458대,-,37.56789863157178,126.84130982697074
강서구 등촌동 695대,-,37.55857594705061,126.8448208770795
강서구 등촌동 54-5 장,-,37.56234552212338,126.84531797957382
강서구 등촌동 1498 장,-,37.56336311617242,126.846677311825
강서구 등촌동 1481 대,유석초교정문(경보),37.56093395460717,126.8540101502368
강서구 화곡동 616-11도,-,37.53571739227133,126.83496623917773
강서구 화곡동 24-297 도,화곡초교,37.54414991170589,126.84606275486865
강서구 등촌동 709-1도,-,37.56594728228419,126.8434466598744
강서구 화곡동 산80-3임,유광사여성병원,37.54311063892168,126.83880628676144
강서구 등촌동 709 도,대륭드림타운,37.566419582666434,126.84079814023254
강서구 등촌동 666-101 도,-,37.55639630718216,126.85485145798626
강서구 등촌동 666-101 도,-,37.55591047543699,126.85434625591456
강서구 등촌동 666-50도,-,37.55608947135383,126.85464530336212
강서구 등촌동 1489대,-,37.55724675925359,126.86203148706913
강서구 등촌동 709 도,-,37.5619133310484,126.83933454446775
강서구 등촌동 709-8도,등현초교,37.561236861777054,126.84671213937695
강서구 등촌동 709-22도,-,37.55926884387834,126.84246512354649
강서구 등촌동 709-4도,-,37.564860711248784,126.84128012098661
강서구 등촌동 666-101 도,-,37.55606775234669,126.8545106442261
강서구 등촌동 633-11대,-,37.55361394141082,126.8668004432983
강서구 등촌동 666-86도,-,37.553667509486374,126.866918601923
강서구 등촌동 666-11도,-,37.55896359116268,126.85773180439536
강서구 화곡동 1107-8도,-,37.554353956777284,126.85427321373837
강서구 등촌동 666-33도,홈플러스강서점,37.55751634180547,126.85610600924731
강서구 등촌동 666-86도,-,37.55349956589791,126.86680026443565
강서구 화곡동 662-8도,-,37.533088414529615,126.84474870234604
강서구 등촌동 709-13도,등원초교,37.559555703250474,126.85006418839751
